STATION_ID;STATION_NAME;HOEHE;GEO_BREITE;GEO_LAENGE;2015-1-1;2015-1-2;2015-1-3;2015-1-4;2015-1-5;2015-1-6;2015-1-7;2015-1-8;2015-1-9;2015-1-10;2015-1-11;2015-1-12;2015-1-13;2015-1-14;2015-1-15;2015-1-16;2015-1-17;2015-1-18;2015-1-19;2015-1-20;2015-1-21;2015-1-22;2015-1-23;2015-1-24;2015-1-25;2015-1-26;2015-1-27;2015-1-28;2015-1-29;2015-1-30;2015-1-31
3927;Pfullendorf;630;47.9344;9.2869;25;22;16;8;7;6;6;5;0;0;0;0;0;0;0;0;0;4;2;4;6;6;5;0;4;0;9;8;6;16;15
3925;Pforzheim-Ispringen;333;48.9318;8.6959;10;6;0;0;0;0;0;0;0;0;0;0;0;0;0;0;0;0;0;1;1;1;1;1;4;6;0;0;0;0;7
164;Angermünde;54;53.0316;13.9907;0;0;0;0;0;0;0;0;0;0;0;0;0;0;0;0;0;0;0;0;0;0;0;0;0;0;0;0;0;4;8
4024;Putbus;40;54.3643;13.477;0;0;0;0;0;0;0;0;0;0;0;0;0;0;0;0;0;0;0;0;1;0;0;0;0;0;0;0;0;0;3
5562;Neubulach-Oberhaugstett;570;48.6516;8.6801;18;13;8;0;0;0;0;0;0;0;0;0;0;0;0;0;0;0;0;2;3;3;3;3;6;5;9;9;5;10;11
15207;Schauenburg-Elgershausen;317;51.2835;9.359;1;0;0;0;0;0;0;0;0;0;0;0;0;0;0;0;0;0;0;0;0;0;0;0;1;1;0;0;0;1;10
167;Anklam;9;53.8412;13.6846;0;0;0;0;0;0;0;0;0;0;0;0;0;0;0;0;0;0;0;0;2;1;0;0;0;0;0;0;0;1;13
5825;Berge;40;52.6198;12.7867;0;0;0;0;0;0;0;0;0;0;0;0;0;0;0;0;0;0;0;0;0;0;0;0;0;0;0;0;0;0;2
3552;Neuruppin;38;52.9037;12.8072;;;;;;;;;;;;;;;;;;;;;;;;;;;;;;;
3254;Meppen;19;52.7156;7.3176;;;;;0;0;0;0;0;;;0;0;0;0;0;;;1;1;0;0;0;;;0;0;0;0;5;
3257;Mergentheim, Bad-Neunkirchen;250;49.4773;9.7623;9;4;0;0;0;0;0;0;0;0;0;0;0;0;0;0;0;0;0;0;0;0;1;0;4;0;0;0;0;1;1
3857;Oy-Mittelberg-Petersthal;885;47.636;10.3891;69;52;34;17;16;15;15;14;10;0;3;11;9;6;5;4;15;33;30;28;26;24;22;20;26;26;29;38;53;59;58
1255;Eppingen-Elsenz;220;49.1664;8.8523;7;2;0;0;0;0;0;0;0;0;0;0;0;0;0;0;0;0;0;0;0;0;0;0;0;1;0;0;0;0;4
342;Belm;103;52.317;8.1693;0;0;0;0;0;0;0;0;0;0;0;0;0;0;0;0;0;0;0;0;0;0;0;0;2;0;0;0;0;5;9
817;Burgwald-Bottendorf;293;51.0306;8.8146;0;0;0;0;0;0;0;0;0;0;0;0;0;0;0;0;0;0;0;0;0;0;0;0;3;0;0;0;1;1;4
5229;Villingen-Schwenningen;720;48.0452;8.4608;22;20;15;0;0;0;0;0;0;0;1;0;0;0;0;0;1;2;2;4;6;4;4;4;8;7;15;14;18;34;36
2856;Langenlipsdorf;91;51.9173;13.0878;;;;;;;;;;;;;;;;;;;;;;;;;;;;;;;
1490;Friedrichshafen;394;47.6452;9.4795;;;;;;;;;;;;;;;;;;;;;;;;;;;;;;;
4177;Rheinstetten;116;48.9726;8.3302;2;0;0;0;0;0;0;0;0;0;0;0;0;0;0;0;0;0;0;0;0;0;0;0;0;0;0;0;0;0;1
6157;Wangerland-Hooksiel;8;53.6409;8.081;0;0;0;0;0;0;0;0;0;0;0;0;0;0;0;0;0;0;0;0;0;0;0;1;0;0;0;0;0;2;0
6158;Weidenbach-Weiherschneidbach;455;49.2247;10.6084;20;16;8;9;9;7;6;5;0;0;0;0;0;0;0;0;0;0;0;2;0;0;0;0;3;0;3;2;0;2;4
6159;Dörpen;8;52.9542;7.3196;0;0;0;0;0;0;0;0;0;0;0;0;0;0;0;0;0;0;0;0;0;0;0;0;3;0;0;0;2;7;6
6093;Wendisch Evern;62;53.2138;10.4704;0;0;0;0;0;0;0;0;0;0;0;0;0;0;0;0;0;0;0;0;0;0;0;0;1;0;0;0;0;0;0
2319;Holzkirchen;685;47.8823;11.6962;37;33;18;10;10;10;9;7;4;0;0;2;0;0;0;0;0;9;6;4;3;3;3;4;9;13;15;29;27;29;29
5300;Waldems-Reinborn;380;50.2599;8.3602;0;0;0;7;5;4;2;1;0;0;0;0;0;0;0;0;0;0;0;1;1;0;0;0;2;3;4;0;0;4;2
2315;Holzdorf (Flugplatz);81;51.7657;13.1666;1;0;0;0;0;0;0;0;0;0;0;0;0;0;0;0;0;0;0;0;0;0;2;1;0;0;0;0;0;1;2
5856;Fürstenzell;476;48.5451;13.3531;8;5;1;11;7;5;4;4;0;0;0;0;0;1;0;0;0;0;0;0;0;0;0;2;0;0;7;5;11;8;8
298;Barth;3;54.3406;12.7108;0;0;0;0;0;0;0;0;0;0;0;0;0;0;0;0;0;0;0;0;0;0;0;0;0;0;0;0;0;0;3
1666;Glücksburg-Meierwik;27;54.8273;9.5057;;0;0;0;0;0;0;0;0;0;0;0;0;0;0;0;0;0;0;0;0;0;0;0;3;0;0;0;0;11;9
294;Barsinghausen-Hohenbostel;110;52.3198;9.4299;;;;;;;;;;;;;;;;;;;;;;;;;;;;;;;
591;Boizenburg;45;53.3911;10.6878;0;0;0;0;0;0;0;0;0;0;0;0;0;0;0;0;0;0;0;0;0;0;0;0;0;0;0;0;0;0;0
198;Artern;164;51.3745;11.292;0;0;0;0;0;0;0;0;0;0;0;0;0;0;0;0;0;0;0;0;3;3;2;2;2;0;0;0;0;0;1
596;Boltenhagen;15;54.0028;11.1908;0;0;0;0;0;0;0;0;0;0;0;0;0;0;0;0;0;0;0;0;0;0;0;0;0;0;0;0;0;0;0
4323;Ruppertsecken;461;49.6467;7.8835;5;3;0;5;4;4;3;0;0;0;0;0;0;0;0;0;0;0;0;2;2;2;1;1;4;5;9;6;2;1;1
191;Arnstein-Müdesheim;220;49.9695;9.9113;3;0;0;6;0;0;0;0;0;0;0;0;0;0;0;0;0;0;0;0;0;0;0;0;0;0;0;0;0;0;0
3679;Kiefersfelden-Gach;518;47.6185;12.1666;61;51;41;22;18;14;12;11;10;5;5;4;0;0;0;0;0;6;6;5;4;4;0;3;14;20;31;43;44;36;38
4651;Seesen;186;51.9044;10.1888;3;0;0;0;0;0;0;0;0;0;0;0;0;0;0;0;0;0;0;0;0;0;1;0;1;0;0;0;0;0;
2829;Landsberg (Flugplatz);621;48.0772;10.9144;25;25;8;0;0;0;0;0;0;0;0;0;0;0;0;0;0;8;4;4;4;4;4;4;8;8;13;13;12;13;16
4559;Schorndorf-Knöbling;399;49.1646;12.6176;10;8;5;11;8;8;6;4;0;0;0;0;0;0;0;0;0;0;0;0;0;0;0;0;2;2;2;0;3;5;6
2542;Kaufbeuren;716;47.8652;10.6007;40;32;23;3;1;0;0;0;0;0;2;2;1;0;0;0;1;8;7;4;3;3;3;2;8;7;13;20;24;29;32
3028;Lippspringe, Bad;157;51.7855;8.8388;0;0;0;0;0;0;0;0;0;0;0;0;0;0;0;0;0;0;0;0;0;0;0;0;3;0;0;0;0;1;10
3023;Lingen;22;52.5181;7.3081;;;;;;;;;;;;;;;;;;;;;;;;;;;;;;;
2985;Lichtenhain-Mittelndorf;321;50.9383;14.2093;8;;2;2;1;5;4;6;1;0;0;0;0;0;0;0;0;0;0;0;2;1;0;3;2;2;4;4;3;3;3
2385;Idar-Oberstein;376;49.6927;7.3264;6;5;3;5;3;3;2;2;0;0;0;0;0;0;0;0;0;0;0;0;0;0;0;0;5;9;7;3;0;1;2
2261;Hof;565;50.3122;11.8761;10;5;4;8;9;7;8;8;0;0;0;1;0;0;0;0;0;0;0;0;1;1;1;2;3;11;14;13;14;23;25
1103;Ebersberg-Halbing;592;48.1002;11.9872;18;17;10;0;0;0;0;0;0;0;0;0;0;0;0;0;0;4;3;3;0;0;0;1;3;10;15;15;15;17;20
1339;Faßberg;73;52.9157;10.1885;;0;0;0;0;0;0;0;0;0;0;0;0;0;0;0;0;0;0;0;0;0;0;0;1;0;0;0;0;1;0
2444;Jena (Sternwarte);155;50.9251;11.583;2;1;0;0;0;0;0;0;0;0;0;0;0;0;0;0;0;0;0;0;0;0;1;1;2;0;0;0;0;0;0
5009;Teterow;38;53.761;12.5574;0;0;0;0;0;0;0;0;0;0;0;0;0;0;1;0;0;0;0;0;1;0;0;0;0;0;0;0;0;1;0
445;Bernburg/Saale (Nord);84;51.8218;11.7109;0;0;0;0;0;0;0;0;0;0;0;0;0;0;0;0;0;0;0;0;0;0;0;0;1;0;0;0;4;0;4
1332;Falkenberg,Kr.Rottal-Inn;472;48.4832;12.724;13;12;5;6;9;9;9;5;0;0;0;0;0;0;0;0;0;0;0;0;0;0;0;2;3;4;10;8;8;7;6
5779;Zinnwald-Georgenfeld;877;50.7314;13.7516;17;14;10;15;26;34;33;33;27;12;2;12;8;0;2;2;2;4;4;4;8;7;7;14;14;16;21;37;40;56;55
6346;Maisach-Galgen;530;48.2072;11.2034;20;16;4;0;0;0;0;0;0;0;0;0;0;0;0;0;0;4;0;0;0;0;0;0;4;4;8;13;9;8;8
5676;Wolfsburg (Südwest);82;52.3961;10.6898;0;0;0;0;0;0;0;0;0;0;0;0;0;0;0;0;0;0;0;0;0;0;0;0;0;0;0;0;0;0;0
102;Leuchtturm Alte Weser;32;53.8617;8.1266;;;;;;;;;;;;;;;;;;;;;;;;;;;;;;;
2044;Harzgerode;404;51.652;11.1367;0;0;0;0;0;0;0;0;0;0;0;0;0;0;0;0;0;0;0;0;4;3;3;3;5;7;5;4;5;12;12
6272;Moorgrund Gräfen-Nitzendorf;283;50.8424;10.2516;5;3;0;0;0;0;0;0;0;0;0;0;0;0;0;0;0;0;0;3;3;3;3;2;4;2;4;1;1;0;6
6275;Notzingen;325;48.6707;9.4625;14;10;6;0;0;0;0;0;0;0;0;0;0;0;0;0;0;0;0;0;0;0;0;0;2;0;1;0;0;0;3
1266;Erfde;18;54.2989;9.3161;0;0;0;0;0;0;0;0;0;0;0;0;0;0;0;0;0;0;1;0;0;0;0;0;4;0;0;0;3;9;8
3093;Lüchow;17;52.9724;11.1374;0;0;0;0;0;0;0;0;0;0;0;0;0;0;0;0;0;0;0;0;0;0;0;0;0;0;0;0;0;0;0
642;Brake;1;53.3517;8.4969;;;;;;;;;;;;;;;;;;;;;;;;;;;;;;;
3098;Lüdenscheid;387;51.2452;7.6425;0;0;0;0;0;0;0;0;0;0;0;0;0;0;0;0;0;0;0;0;0;0;0;0;2;1;0;0;0;12;18
433;Berlin-Tempelhof;48;52.4675;13.4021;;;;;;;;;;;;;;;;;;;;;;;;;;;;;;;
430;Berlin-Tegel;36;52.5644;13.3088;0;0;0;0;0;0;0;0;0;0;0;0;0;0;0;0;0;0;0;0;0;0;0;0;0;0;0;0;0;1;6
330;Beerfelden;450;49.5617;8.9679;13;9;7;12;11;10;10;9;0;0;0;0;0;0;0;0;0;0;0;1;1;1;1;1;3;4;8;5;4;18;19
2618;Kleiner Inselsberg;732;50.8458;10.4803;8;7;6;11;10;10;11;17;10;0;0;3;0;0;3;0;0;0;0;3;7;7;6;6;8;9;13;11;16;25;42
4104;Regensburg;365;49.0424;12.1021;8;4;1;9;7;6;6;6;0;0;0;0;0;0;0;0;0;0;0;0;0;0;0;0;0;2;2;0;0;12;15
7341;Offenbach-Wetterpark;119;50.09;8.7862;0;0;0;1;0;0;0;0;0;0;0;0;0;0;0;0;0;0;0;0;0;0;0;0;2;0;0;0;0;0;0
5133;Twistetal-Mühlhausen;295;51.3343;8.9132;0;0;0;0;0;0;0;0;0;0;0;0;0;0;0;0;0;0;0;0;0;0;0;0;2;0;0;0;0;7;12
856;Chieming;551;47.8843;12.5404;16;12;0;0;0;0;0;0;0;0;0;0;0;0;0;0;0;2;0;0;0;0;0;2;4;10;9;11;8;9;12
850;Celle;39;52.5959;10.0296;;;;;0;0;0;0;0;0;0;0;0;0;0;0;0;0;0;0;0;0;0;0;1;0;0;0;0;0;0
853;Chemnitz;418;50.7913;12.872;9;4;0;2;3;3;2;2;0;0;0;0;0;0;1;0;0;0;0;0;1;0;1;2;3;3;8;8;4;4;7
3513;Neuhaus am Rennweg;845;50.5002;11.1344;17;15;15;20;20;20;19;19;15;8;0;7;8;5;9;11;4;4;4;5;9;9;11;11;14;21;26;26;31;60;61
5705;Würzburg;268;49.7703;9.9577;1;0;0;1;0;0;0;0;0;0;0;0;0;0;0;0;0;0;0;1;0;0;0;0;1;0;1;0;0;0;0
7412;Neuhütten/Spessart;340;50.0083;9.4239;;;0;4;1;0;0;0;0;0;0;0;0;0;0;0;0;0;0;0;0;0;0;0;1;0;0;0;0;3;5
7410;Neu-Ulrichstein;350;50.7519;9.0226;0;0;0;0;0;0;0;0;0;0;0;0;0;0;0;0;0;0;0;0;0;0;0;0;2;0;1;0;0;2;5
7419;Langenwetzendorf-Göttendorf;390;50.661;12.0757;8;4;2;4;0;0;0;0;0;0;0;0;0;0;2;0;0;0;0;0;2;1;2;3;4;7;8;6;4;5;7
2680;Königshofen, Bad;288;50.2841;10.4456;0;0;0;2;0;0;0;0;0;0;0;0;0;0;0;0;0;0;0;0;0;0;0;0;1;0;0;0;0;0;0
3897;Pelzerhaken;1;54.0893;10.8773;0;0;0;0;0;0;0;0;0;0;0;0;0;0;0;0;0;0;0;0;0;0;0;0;1;0;0;0;0;0;0
91;Alsfeld-Eifa;300;50.7446;9.345;2;0;0;2;0;0;0;0;0;0;0;0;0;0;0;0;0;0;0;1;0;0;0;0;2;0;2;0;0;2;9
4174;Rheine-Bentlage;40;52.2887;7.3866;;;;;0;0;0;0;0;;;;0;0;;0;;;0;0;;;;;;0;0;0;0;4;
4175;Rheinfelden;287;47.5627;7.7936;0;;;;;;;;;;;;;;;;;;;;;;;;;;;;;;
1993;Hameln;68;52.0848;9.3896;;;;;;;;;;;;;;;;;;;;;;;;;;;;;;;
3204;Martinroda;427;50.7334;10.8815;3;1;0;2;0;0;0;0;0;0;0;0;0;0;0;0;0;0;0;1;2;1;2;2;4;8;5;4;4;14;15
5797;Lichtentanne;353;50.688;12.4328;4;0;0;0;0;0;0;0;0;0;0;0;0;0;0;0;0;0;0;0;0;0;1;1;4;1;0;0;0;0;0
5792;Zugspitze;2964;47.4209;10.9847;210;200;207;230;215;210;210;210;210;220;220;235;235;230;235;235;240;255;255;255;250;250;250;250;255;275;285;330;340;340;345
3639;Nordholz (Flugplatz);25;53.7647;8.6583;0;0;0;0;0;0;0;0;0;0;0;0;0;0;0;0;0;0;2;0;0;0;0;0;4;0;0;0;0;0;0
555;Bochum;101;51.4789;7.2697;0;0;0;0;0;0;0;0;0;0;0;0;0;0;0;0;0;0;0;0;0;0;0;0;4;0;0;0;0;7;0
3631;Norderney;11;53.7123;7.1519;0;0;0;0;0;0;0;0;0;0;0;0;0;0;0;0;0;0;0;0;0;0;0;1;0;0;0;0;0;0;0
2947;Lennestadt-Theten;286;51.1334;8.0352;0;0;0;0;0;0;0;0;0;0;0;0;0;0;0;0;0;0;0;0;0;0;0;0;4;2;0;0;2;3;8
232;Augsburg;461;48.4254;10.942;22;18;9;0;0;0;1;1;0;0;0;0;0;0;0;0;0;0;0;1;0;0;0;0;3;2;2;4;2;0;3
1050;Dresden-Hosterwitz;114;51.0221;13.847;9;4;0;0;0;0;0;0;0;0;0;0;0;0;0;0;0;0;0;0;0;0;0;0;0;0;0;0;0;0;0
1051;Dresden-Strehlen;119;51.024;13.7737;0;0;0;0;0;0;0;0;0;0;0;0;0;0;0;0;0;0;0;0;0;0;0;0;0;0;0;0;0;0;0
3348;Moringen-Lutterbeck;240;51.7209;9.8352;0;0;0;0;0;0;0;0;0;0;0;0;0;0;0;0;0;0;0;0;0;0;0;0;1;0;0;0;0;2;4
6109;Grambow-Schwennenz;50;53.3837;14.3728;0;0;0;0;0;0;0;0;0;0;0;0;0;0;0;0;0;0;0;0;1;0;0;0;0;0;0;0;0;3;6
7075;Elsendorf-Horneck;425;48.7021;11.8494;24;13;6;6;4;3;3;3;0;0;0;0;0;0;0;0;0;0;0;0;0;0;0;0;1;4;2;0;0;1;1
3340;Montabaur;265;50.4383;7.8061;0;0;0;6;0;0;2;0;0;0;0;0;0;0;0;0;0;0;0;0;0;0;0;0;0;0;0;0;0;3;1
2349;Hornisgrinde;1119;48.6136;8.2034;;;;;;;;;;;;;;;;;;;;;;;;;;;;;;;
1197;Ellwangen-Rindelbach;460;48.9895;10.1312;15;11;6;8;6;5;5;5;0;0;0;0;0;0;0;0;0;0;0;2;1;1;2;1;3;1;7;3;3;4;22
1694;Goldberg;58;53.606;12.1033;0;0;0;0;0;0;0;0;0;0;0;0;0;0;0;0;0;0;0;0;0;0;0;0;0;0;0;0;0;0;0
1759;Greifswalder Oie;12;54.2437;13.9102;0;0;0;0;0;0;0;0;0;0;0;0;0;0;0;0;0;0;0;0;0;0;0;0;0;0;0;0;0;0;0
1691;Göttingen;167;51.5003;9.9506;0;0;0;0;0;0;0;0;0;0;0;0;0;0;0;0;0;0;0;0;0;0;0;0;3;0;0;0;0;0;7
1757;Greifswald;2;54.0967;13.4056;0;0;0;0;0;0;0;0;0;0;0;0;0;0;0;0;0;0;0;0;2;2;0;0;0;0;0;0;0;1;4
1279;Möhrendorf-Kleinseebach;268;49.6497;11.0073;4;2;0;3;0;0;1;0;0;0;0;0;0;0;0;0;0;0;0;1;0;0;0;0;1;0;2;0;0;0;0
619;Borkum-Süderstraße;12;53.5788;6.6703;;;;;;;;;;;;;;;;;;;;;;;;;;;;;;;
142;Altomünster-Maisbrunn;510;48.4059;11.3117;22;20;14;8;7;5;4;4;0;0;0;0;0;0;0;0;0;2;0;0;0;0;2;2;4;7;11;13;11;13;16
1270;Erfurt-Weimar;316;50.9829;10.9608;0;0;0;0;0;0;0;0;0;0;0;0;0;0;0;0;0;0;0;2;3;2;3;3;5;3;2;0;0;0;0
1052;Drewitz bei Burg;80;52.2172;12.1635;2;0;0;0;0;0;0;0;0;0;0;0;0;0;0;0;0;0;0;0;1;0;0;0;1;0;0;0;0;3;9
4501;Schmücke;937;50.6546;10.7693;10;10;9;15;16;15;15;15;11;4;0;3;1;0;5;0;0;1;1;4;6;5;6;6;8;9;13;14;14;27;32
4466;Schleswig;43;54.5275;9.5486;0;0;0;0;0;0;0;0;0;0;0;0;0;0;0;0;0;0;1;4;4;3;3;3;4;2;0;0;1;18;17
4464;Schleiz;501;50.5679;11.8041;7;4;3;6;5;5;5;5;0;0;0;0;0;0;0;0;0;0;0;;2;1;1;1;3;11;11;9;7;9;9
5538;Wielenbach (Demollstr.);550;47.8827;11.1576;27;25;6;0;0;0;0;0;0;0;0;0;0;0;0;0;0;4;2;2;1;1;0;0;9;9;11;12;10;10;15
4508;Schneifelforsthaus;649;50.2988;6.4165;12;9;6;15;12;11;11;10;3;0;0;0;0;0;0;0;1;1;1;2;1;1;1;1;10;12;12;12;13;27;28
4911;Straubing;350;48.8275;12.5598;11;7;3;12;9;8;8;8;1;0;0;0;0;0;0;0;0;0;0;0;0;0;0;0;0;1;5;0;1;1;2
1473;Freystadt-Oberndorf;436;49.1782;11.3736;11;9;5;10;9;7;7;6;0;0;0;0;0;0;0;0;0;0;0;0;0;0;0;0;2;4;6;5;0;2;3
5750;Zeitz;170;51.0314;12.1495;0;0;0;0;0;0;0;0;0;0;0;0;0;0;0;0;0;0;0;0;1;0;0;0;0;0;0;0;0;0;1
6105;Ostenfeld (Rendsburg);14;54.3192;9.8052;0;0;0;0;0;0;0;0;0;0;0;0;0;0;0;0;0;0;3;3;2;2;2;2;3;0;0;0;2;4;2
7187;Freudenberg/Main-Boxtal;193;49.7636;9.4053;3;0;0;1;0;0;0;0;0;0;0;0;0;0;0;0;0;0;0;0;0;0;0;0;1;0;0;0;0;0;0
2712;Konstanz;443;47.6774;9.1901;19;17;8;0;0;0;0;0;0;0;0;0;0;0;0;0;0;0;0;1;0;0;0;0;4;1;5;4;3;0;1
1300;Eslohe;351;51.254;8.1563;0;0;0;0;0;0;0;0;0;0;0;0;0;0;0;0;0;0;0;0;0;0;0;0;5;2;0;0;1;10;20
1303;Essen-Bredeney;150;51.404;6.9676;0;0;0;0;0;0;0;0;0;0;0;0;0;0;0;0;0;0;0;0;0;0;0;0;4;0;0;0;0;2;0
131;Geringswalde-Altgeringswalde;296;51.088;12.9328;4;2;0;0;0;0;0;0;0;0;0;0;0;0;0;0;0;0;0;0;0;0;0;1;2;0;1;0;0;1;2
1224;Emmendingen-Mundingen;201;48.1378;7.8351;4;4;2;0;0;0;0;0;0;0;0;0;0;0;0;0;0;0;0;0;0;0;0;0;0;0;0;0;0;0;0
5745;Zehdenick;51;52.9664;13.3268;0;0;0;0;0;0;0;0;0;0;0;0;0;0;0;0;0;0;0;0;2;1;0;0;0;0;0;0;0;2;8
1832;Großer Arber;1436;49.113;13.1342;;26;;35;;42;;41;;37;;35;;38;;37;;28;;27;;26;;26;;27;;42;;55;
5629;Wittenberg;105;51.8892;12.6445;0;0;0;0;0;0;0;0;0;0;0;0;0;0;0;0;0;0;0;0;0;0;0;0;0;0;0;0;0;1;2
403;Berlin-Dahlem (FU);51;52.4578;13.3101;0;0;0;0;0;0;0;0;0;0;0;0;0;0;0;0;0;0;0;0;0;0;0;0;0;0;0;0;0;3;6
400;Berlin-Buch;60;52.6309;13.5022;0;0;0;0;0;0;0;0;0;0;0;0;0;0;0;0;0;0;0;0;0;0;0;0;0;0;0;0;0;4;4
1379;Flensburg (Schäferhaus);41;54.7737;9.3752;;;;;;;;;;;;;;;;;;;;;;;;;;;;;;;
2014;Hannover;55;52.4644;9.6779;0;0;0;0;0;0;0;0;0;0;0;0;0;0;0;0;0;0;0;0;0;0;0;0;1;0;0;0;0;0;1
3836;Ostheim v.d. Rhön;312;50.4538;10.221;4;0;0;2;0;0;0;0;0;0;0;0;0;0;0;0;0;0;0;1;1;0;0;0;0;0;2;0;0;6;10
3939;Pirmasens;385;49.1911;7.5875;7;5;2;0;0;0;0;0;0;0;0;0;0;0;0;0;0;0;0;1;0;0;0;0;3;5;8;6;0;1;13
1957;Halle-Kröllwitz;93;51.5138;11.9499;;;;;;;;;;;;;;;;;;;;;;;;;;;;;;;
4032;Quedlinburg;142;51.7954;11.1319;0;0;0;0;0;0;0;0;0;0;0;0;0;0;0;0;0;0;0;0;1;0;0;0;0;0;0;0;0;0;1
4377;Sandberg;510;50.3519;10.0032;8;5;4;10;8;6;6;5;0;0;0;0;0;0;0;0;0;0;0;2;0;0;0;0;0;0;5;4;5;22;22
4036;Querfurt-Mühle Lodersleben;204;51.3895;11.5414;0;0;0;0;0;0;0;0;0;0;0;0;0;0;0;0;0;0;0;0;0;0;1;1;4;0;0;0;0;0;3
4039;Quickborn;13;53.7331;9.8776;0;0;0;0;0;0;0;0;0;0;0;0;0;0;0;0;0;0;0;0;0;0;0;0;2;0;0;0;0;0;0
7319;Donauwörth-Osterweiler;434;48.7351;10.7415;19;16;9;10;10;10;8;8;0;0;0;0;0;0;0;0;0;0;0;1;0;0;0;0;1;0;3;3;0;4;6
3244;Memmingen;615;47.982;10.1384;27;25;13;0;0;0;0;0;0;0;0;0;0;0;0;0;1;5;5;5;5;5;5;5;10;9;12;13;12;10;13
5692;Worms;88;49.6051;8.3659;0;0;0;0;0;0;0;0;0;0;0;0;0;0;0;0;0;0;0;1;0;0;0;0;0;0;0;0;0;0;0
4485;Schmalkalden, Kurort;296;50.7252;10.454;8;4;2;0;0;0;1;0;0;0;0;0;0;0;0;0;0;0;0;0;0;0;0;0;4;0;2;0;0;0;7
4480;Schlüchtern-Herolz;230;50.3444;9.5539;0;0;0;2;0;0;0;0;0;0;0;0;0;0;0;0;0;0;0;1;0;0;0;0;0;0;0;0;0;0;1
377;Bergzabern, Bad;252;49.107;7.9967;5;0;0;0;0;0;0;0;0;0;0;0;0;0;0;0;0;0;0;0;0;0;0;0;0;0;0;0;0;0;6
2907;Leck;7;54.7903;8.9514;0;0;0;0;0;0;0;0;0;0;0;0;0;0;0;0;0;0;0;0;0;0;0;0;0;0;0;0;0;4;4
2905;Lechfeld;550;48.1849;10.8507;30;26;10;0;0;0;0;0;0;0;0;0;0;0;0;0;0;4;4;3;3;3;3;3;7;6;8;11;7;5;9
704;Bremervörde;10;53.4451;9.139;0;0;0;0;0;0;0;0;0;0;0;0;0;0;0;0;0;0;0;0;0;0;0;0;1;0;0;0;0;0;0
15000;Aachen-Orsbach;231;50.7982;6.0244;0;0;0;0;0;0;0;0;0;0;0;0;0;0;0;0;0;0;0;0;0;0;0;0;4;1;0;0;0;3;1
701;Bremerhaven;7;53.5332;8.5761;0;0;0;0;0;0;0;0;0;0;0;0;0;0;0;0;0;0;0;0;0;0;0;0;1;0;0;0;0;0;0
390;Berleburg, Bad-Stünzel;610;50.9837;8.3679;14;14;10;19;15;15;15;14;0;0;0;0;0;0;0;0;0;0;0;0;0;0;0;0;4;5;9;13;17;22;29
3307;Mittenwald-Buckelwiesen;981;47.4778;11.2654;50;48;31;18;18;18;15;15;15;6;0;2;2;1;2;0;3;16;13;11;10;5;3;3;20;27;31;42;48;45;38
399;Berlin-Alexanderplatz;37;52.5205;13.4105;;;;;;;;;;;;;;;;;;;;;;;;;;;;;;;
5490;Wernigerode;234;51.8454;10.7686;0;0;0;0;0;0;0;0;0;0;0;0;0;0;0;0;0;0;0;0;0;0;0;0;0;0;0;0;0;2;4
2303;Hohn;10;54.3146;9.539;;;;;0;0;0;0;0;0;0;0;0;0;0;0;0;0;3;7;6;4;4;3;5;3;0;0;1;8;7
6310;Karlshagen;1;54.1049;13.8239;0;0;0;0;0;0;0;0;0;0;0;0;0;0;0;0;0;0;0;0;1;0;0;0;0;0;0;0;0;2;4
2306;Hohwacht;8;54.3195;10.6733;0;0;0;0;0;0;0;0;0;0;0;0;0;0;0;0;0;0;0;1;0;0;0;0;3;0;0;0;1;0;0
4978;Tann/Rhön;395;50.639;10.0228;9;4;2;3;2;2;2;1;0;0;0;0;0;0;0;0;0;0;0;2;2;2;2;2;4;4;3;0;0;4;9
1602;Ohlsbach;176;48.4329;7.9931;6;4;1;0;0;0;0;0;0;0;0;0;0;0;0;0;0;0;0;0;0;0;0;0;1;0;0;0;0;0;0
3667;Nürnberg-Netzstall;368;49.4258;11.2538;14;9;3;7;4;2;3;3;0;0;0;0;0;0;0;0;0;0;0;1;1;0;0;0;1;1;2;1;0;1;2
3660;Nürburg-Barweiler;485;50.3601;6.8697;7;7;4;6;5;4;4;4;0;0;0;0;0;0;0;0;0;0;0;1;1;1;1;0;10;12;8;6;2;14;13
3668;Nürnberg;314;49.5031;11.0549;9;6;0;4;2;1;0;0;0;0;0;0;0;0;0;0;0;0;0;1;0;0;0;0;2;0;2;1;0;0;0
617;Borken in Westfalen;48;51.8728;6.8862;0;0;0;0;0;0;0;0;0;0;0;0;0;0;0;0;0;0;0;0;0;0;0;0;9;0;0;0;0;1;2
4548;Selb/Oberfranken-Lauterbach;609;50.2046;12.1435;15;15;10;14;16;16;16;13;7;0;0;0;0;0;1;0;1;1;0;0;3;1;1;1;2;7;18;18;21;31;32
4625;Schwerin;59;53.6425;11.3872;0;0;0;0;0;0;0;0;0;0;0;0;0;0;0;0;0;0;0;0;0;;;0;0;0;0;0;0;1;0
3155;Manderscheid-Sonnenhof;413;50.1015;6.8009;0;0;0;0;0;0;0;0;0;0;0;0;0;0;0;0;0;0;0;0;0;0;0;0;4;6;7;4;2;6;7
3158;Manschnow;12;52.5468;14.5452;0;0;0;0;0;0;0;0;0;0;0;0;0;0;0;0;0;0;0;0;0;0;0;0;0;0;0;0;0;1;1
5404;Weihenstephan-Dürnast;477;48.4025;11.6946;15;10;0;1;1;0;1;0;0;0;0;0;0;0;0;0;0;0;0;0;0;0;0;0;2;6;7;6;4;5;7
2578;Kirchdorf/Poel;12;53.9995;11.4341;0;0;0;0;0;0;0;0;0;0;0;0;0;0;0;0;0;0;0;0;0;0;0;0;1;0;0;0;0;0;0
2575;Kirchberg/Jagst-Herboldshausen;426;49.1804;9.9799;17;12;5;7;6;5;5;4;0;0;0;0;0;0;0;0;0;0;0;2;3;2;2;1;4;2;4;0;1;2;4
3015;Lindenberg;98;52.2085;14.118;0;0;0;0;0;0;0;0;0;0;0;0;0;0;0;0;0;0;0;0;2;0;4;4;4;0;0;0;0;3;2
1001;Doberlug-Kirchhain;97;51.6451;13.5747;0;0;0;0;0;0;0;0;0;0;0;0;0;0;0;0;0;0;0;0;0;0;1;2;0;0;0;0;0;0;1
4189;Altheim, Kreis Biberach;533;48.1479;9.4596;19;17;14;6;4;4;4;4;0;0;0;0;0;0;0;0;1;0;0;4;3;3;3;3;3;3;7;5;4;4;4
4261;Rosenheim;444;47.8752;12.1279;26;20;11;2;1;0;0;0;0;0;0;0;0;0;0;0;0;2;0;0;0;0;0;1;4;8;5;10;5;6;7
3591;Nideggen-Schmidt;350;50.6744;6.4237;0;0;0;1;1;1;0;0;0;0;0;0;0;0;0;0;0;0;0;1;0;0;0;0;4;1;0;0;0;5;4
2597;Kissingen, Bad;282;50.2241;10.0792;0;0;0;0;0;0;0;0;0;0;0;0;0;0;0;0;0;0;0;0;0;0;0;0;1;0;0;0;0;0;0
1346;Feldberg/Schwarzwald;1490;47.8749;8.0038;;;;40;39;38;38;;;;;;;49;50;63;64;;;;;;;;;;;;;;
1228;UFS TW Ems;0;54.1651;6.346;;;;;;;;;;;;;;;;;;;;;;;;;;;;;;;
13674;Waibstadt;237;49.2942;8.9054;35;1;0;1;0;0;1;0;0;0;0;0;0;0;0;0;0;0;0;0;1;0;0;0;2;0;0;0;0;0;0
4349;Sachsenheim;248;48.9569;9.071;3;0;0;0;0;0;0;0;0;0;0;0;0;0;0;0;0;0;0;1;0;0;0;0;1;0;0;0;0;0;6
5664;Wolfach;291;48.2953;8.2391;12;7;3;0;0;0;0;0;0;0;0;0;0;0;0;0;0;0;0;0;0;0;0;0;1;1;1;0;0;1;1
1736;Grambek;27;53.5732;10.6795;0;0;0;0;0;0;0;0;0;0;0;0;0;0;0;0;0;0;0;0;0;0;0;0;1;0;0;0;0;1;0
2886;Laupheim;539;48.2176;9.9097;;21;18;4;3;3;3;0;0;0;0;0;0;0;0;0;1;2;1;3;4;2;3;2;6;5;10;9;7;6;8
1503;Friesoythe-Altenoythe;6;53.0643;7.9022;0;0;0;0;0;0;0;;;0;0;0;0;0;0;0;0;;0;;0;0;0;0;;0;0;0;0;0;2
5541;Wiesbaden-Auringen;263;50.1321;8.3169;0;0;0;3;3;2;2;0;0;0;0;0;0;0;0;0;0;0;0;0;0;0;0;0;3;0;0;0;0;3;2
5546;Wiesenburg;187;52.1207;12.4585;0;0;0;0;0;0;0;0;0;0;0;0;0;0;0;0;0;0;0;0;0;0;0;0;1;0;0;0;0;5;10
979;Dillenburg;314;50.7313;8.2622;0;0;0;5;0;0;0;0;0;0;0;0;0;0;0;0;0;0;0;0;0;0;0;0;4;2;0;0;0;6;8
656;Braunlage;607;51.7234;10.6021;10;10;9;14;15;14;13;13;8;0;0;13;1;0;1;0;0;0;0;0;2;2;2;1;4;9;17;18;23;35;38
183;Arkona;42;54.6792;13.4343;0;0;0;0;0;0;0;0;0;0;0;0;0;0;0;0;0;0;0;0;0;0;0;0;0;0;0;0;0;0;0
1504;Fritzlar (Flugplatz);172;51.119;9.2799;;;0;0;0;0;0;0;0;0;0;0;0;0;0;0;0;0;0;0;0;0;0;0;0;0;0;0;0;0;4
2110;Heinsberg-Schleiden;57;51.0412;6.1041;0;0;0;0;0;0;0;0;0;0;0;0;0;0;0;0;0;0;0;0;0;0;0;0;1;0;0;0;0;0;0
3086;Lübeck-Blankensee;16;53.8025;10.6988;0;0;0;0;0;0;0;0;0;0;0;0;0;0;0;0;0;0;0;0;0;0;0;0;0;0;0;0;0;0;0
2115;Helgoland;4;54.175;7.892;0;0;0;0;0;0;0;0;0;0;0;0;0;1;0;0;0;0;0;0;0;0;0;1;0;0;0;0;0;0;0
3083;Lübben-Blumenfelde;57;51.9267;13.8797;0;0;0;0;0;0;0;0;0;0;0;0;0;0;0;0;0;0;0;0;0;0;1;0;0;0;0;0;0;0;1
2627;Klettwitz;128;51.5554;13.8846;0;0;0;0;0;0;0;0;0;0;0;0;0;0;0;0;0;0;0;0;0;0;0;2;2;0;0;0;0;0;2
2629;Kleve;46;51.7612;6.0954;0;0;0;0;0;0;0;0;0;0;0;0;0;0;0;0;0;0;0;0;0;0;0;1;6;0;0;0;0;2;0
3875;Parsberg/Oberpfalz-Eglwang;549;49.1509;11.6897;18;14;12;26;24;23;21;17;6;0;0;0;0;0;0;0;0;0;0;2;4;3;0;0;4;6;12;11;11;23;25
7351;Feldberg/Mecklenburg;115;53.3175;13.4175;0;0;0;0;0;0;0;0;0;0;0;0;0;0;0;0;0;0;0;0;2;1;1;1;2;0;0;0;0;5;12
3527;Neukirchen-Hauptschwenda;500;50.8924;9.4053;5;5;4;9;8;8;8;7;0;0;0;0;0;0;0;0;0;0;0;0;0;0;0;0;4;2;10;9;12;21;29
5109;Trollenhagen;69;53.5997;13.3039;;;;;;;;;;;;;;;;;;;;;;;;;;;;;;;
3289;Schmieritz-Weltwitz;355;50.7281;11.7838;4;2;0;0;0;0;0;0;0;0;0;0;0;0;0;0;0;0;0;2;2;1;2;3;3;6;4;2;1;0;1
3287;Michelstadt-Vielbrunn;453;49.7176;9.0997;3;0;0;1;0;0;0;0;0;0;0;0;0;0;0;0;0;0;0;0;0;0;0;0;2;3;2;0;0;5;7
5100;Trier-Petrisberg;265;49.7479;6.6582;0;0;0;0;0;0;0;0;0;0;0;0;0;0;0;0;0;0;0;1;0;0;0;0;7;12;5;4;0;0;0
3284;Michelstadt;240;49.6691;9.0085;4;0;0;1;0;0;0;0;0;0;0;0;0;0;0;0;0;0;0;0;0;0;0;0;1;0;0;0;0;0;2
7331;Hermaringen-Allewind;468;48.6096;10.2682;20;16;11;7;5;5;5;4;0;0;0;0;0;0;0;0;0;0;0;2;1;0;0;0;3;3;3;5;3;3;8
5717;Wuppertal-Buchenhofen;130;51.2248;7.1053;0;0;0;0;0;0;0;0;0;0;0;0;0;0;0;0;0;0;0;0;0;0;0;0;4;0;0;0;0;2;0
5715;Wunstorf;57;52.4605;9.4311;;;;;0;0;0;0;0;;;0;0;0;0;0;;;0;0;0;0;0;;;0;0;0;0;2;
867;Lautertal-Oberlauter;345;50.3067;10.968;4;2;0;2;1;1;1;1;0;0;0;0;0;0;0;0;0;0;0;0;0;0;0;0;1;1;4;1;0;0;3
3442;Nauheim, Bad;149;50.3574;8.7506;;;;;;;;;;;;;;;;;;;;;;;;;;;;;;;
6217;Saarbrücken-Burbach;190;49.2406;6.9351;0;0;0;0;0;0;0;0;0;0;0;0;0;0;0;0;0;0;0;1;0;0;0;0;3;4;4;0;0;0;3
2750;Kronach;312;50.2524;11.3208;8;5;2;4;2;2;1;1;0;0;0;0;0;0;0;0;0;0;0;2;0;0;0;0;1;1;2;0;0;2;5
2023;Harburg;502;48.7918;10.7062;11;8;4;5;4;4;4;4;0;0;0;0;0;0;0;0;0;0;0;0;0;0;0;0;2;0;0;2;0;4;6
1975;Hamburg-Fuhlsbüttel;11;53.6332;9.9881;0;0;0;0;0;0;0;0;0;0;0;0;0;0;0;0;0;0;0;0;0;0;0;0;2;0;0;0;0;0;0
7403;Leutkirch-Herlazhofen;672;47.7955;10.0324;37;33;24;8;8;8;8;8;1;0;0;0;0;0;0;0;2;11;8;8;6;5;4;4;9;7;14;15;22;25;28
3904;Perl-Nennig;152;49.5356;6.3804;0;0;0;0;0;0;0;0;0;0;0;0;0;0;0;0;0;0;0;0;0;0;0;0;3;3;0;0;0;0;2
880;Cottbus;69;51.776;14.3168;0;0;0;0;0;0;0;0;0;0;0;0;0;0;0;0;0;0;0;0;1;0;1;1;0;0;0;0;0;0;1
3147;Mallersdorf-Pfaffenberg/Niederbayern;418;48.7726;12.2177;9;8;0;5;4;3;0;0;0;0;0;0;0;0;0;0;0;0;0;0;0;0;0;0;2;5;4;0;1;2;2
4763;Sontra;265;51.0607;9.9266;0;0;0;0;0;0;1;0;0;0;0;0;0;0;0;0;0;0;0;1;0;0;0;0;3;0;0;0;0;1;8
3231;Meiningen;450;50.5612;10.3771;7;1;0;2;0;0;1;0;0;0;0;0;0;0;0;0;0;0;0;1;1;1;1;1;3;2;5;3;4;16;19
7321;Olbersleben;160;51.1509;11.3319;2;0;0;0;0;0;0;0;0;0;0;0;0;0;0;0;0;0;0;1;1;0;0;0;1;0;0;0;0;0;1
3234;Garsebach bei Meißen;157;51.1294;13.4327;2;0;0;0;0;0;0;0;0;0;0;0;0;0;0;0;0;0;0;0;0;0;0;1;0;0;0;0;0;0;0
4160;Renningen-Ihinger Hof;478;48.7425;8.924;12;10;7;0;0;0;0;0;0;0;0;0;0;0;0;0;0;0;0;3;4;3;3;2;5;7;9;7;5;5;8
1964;Olsdorf;328;49.9445;6.3821;0;0;0;0;0;0;0;0;0;0;0;;;;;;;;;;;;;;;;;;;;
13710;Landshut-Reithof;490;48.5734;12.2574;20;18;10;10;8;7;7;4;0;0;0;0;0;0;0;0;0;0;0;0;0;0;0;0;1;4;5;4;4;7;7
13713;Meinerzhagen-Redlendorf;380;51.0898;7.6289;5;0;0;5;3;3;3;0;0;0;0;0;0;0;0;0;0;0;0;0;0;0;0;0;4;3;2;0;1;8;15
1612;Gera-Leumnitz;311;50.8813;12.1289;3;2;0;0;0;0;0;0;0;0;0;0;0;0;0;0;0;0;0;1;1;1;1;2;3;1;1;0;0;0;1
7329;Treuen;465;50.5457;12.2852;10;5;4;8;8;7;7;7;0;0;0;0;0;0;0;0;0;0;0;0;2;2;3;3;4;7;11;10;9;10;11
4169;Rheinau-Memprechtshofen;131;48.6703;7.9939;2;0;0;0;0;0;0;0;0;0;0;0;0;0;0;0;0;0;0;0;0;0;0;0;0;0;0;0;0;0;0
320;Heinersreuth-Vollhof;350;49.9667;11.5197;8;2;1;3;2;2;1;1;0;0;0;0;0;0;0;0;0;0;0;1;0;0;0;0;1;3;3;1;0;4;4
3975;Pommelsbrunn-Mittelburg;522;49.4778;11.5355;13;10;6;19;17;16;14;13;0;0;0;0;0;0;0;0;0;0;0;0;0;0;0;0;0;9;9;11;5;22;18
5800;Zwiesel;615;49.028;13.2385;17;12;7;23;29;28;25;24;16;0;0;1;1;0;0;0;0;1;0;0;0;0;0;0;2;2;9;12;19;20;21
7369;Feuchtwangen-Heilbronn;475;49.1623;10.3662;8;4;0;1;0;0;1;0;0;0;0;0;0;0;0;0;0;0;0;1;0;0;0;0;1;0;2;2;0;1;5
3621;Reimlingen;435;48.8254;10.5066;11;9;4;4;0;0;0;0;0;0;0;0;0;0;0;0;0;0;0;0;0;0;0;0;0;0;0;0;0;0;6
3623;Nörvenich (Flugplatz);111;50.8294;6.6602;;;0;0;0;0;0;0;0;;0;0;0;0;0;0;0;0;0;0;0;0;0;;;0;0;0;0;0;0
73;Aldersbach-Kriestorf;340;48.6159;13.0506;17;13;6;6;5;4;4;4;0;0;0;0;0;0;0;0;0;0;0;0;0;0;0;2;0;0;5;2;3;0;1
7105;Siegsdorf-Höll;721;47.8349;12.6549;49;44;27;19;23;21;20;19;12;0;0;2;0;0;0;0;0;15;9;7;7;7;6;11;13;22;31;37;36;32;33
71;Albstadt-Badkap;759;48.2155;8.9784;27;26;18;6;4;2;2;1;0;0;0;0;0;0;0;0;3;4;3;5;6;5;5;3;6;5;11;17;15;18;18
7394;Wunsiedel-Schönbrunn;622;50.0315;11.9745;6;3;2;4;5;5;5;5;0;0;0;0;0;0;0;0;0;0;0;0;1;0;0;1;2;4;4;7;5;6;7
78;Alfhausen;65;52.485;7.9119;0;0;0;0;0;0;0;0;0;0;0;0;0;0;0;0;0;0;0;0;0;0;0;0;4;2;0;0;0;7;6
7350;Prackenbach-Neuhäusl;588;49.1087;12.8231;12;11;7;18;19;15;14;12;6;0;0;0;0;0;0;0;0;0;0;0;0;0;0;0;2;3;8;8;10;15;18
1048;Dresden-Klotzsche;227;51.128;13.7543;5;2;0;0;0;0;0;0;0;0;0;0;0;0;0;0;0;0;0;0;1;0;0;1;1;0;0;0;0;0;0
1684;Görlitz;238;51.1622;14.9506;7;0;0;0;0;2;0;1;0;0;0;0;0;0;0;0;0;0;0;0;3;1;2;4;2;1;2;0;1;0;0
5930;Schönhagen (Ostseebad);2;54.641;10.0238;0;0;;;;0;0;0;;;;;0;0;0;0;0;0;0;0;0;0;0;0;3;;;;0;7;5
1766;Münster/Osnabrück;48;52.1346;7.6964;0;0;0;0;0;0;0;0;0;0;0;0;0;0;0;0;0;0;0;0;0;0;0;0;3;0;0;0;0;2;6
4301;Kreuznach, Bad;102;49.8502;7.871;0;0;0;0;0;0;0;0;0;0;0;0;0;0;0;0;0;0;0;0;0;0;0;0;0;0;0;0;0;0;0
4300;Rottweil;588;48.1813;8.6351;19;17;9;0;0;0;0;0;0;0;0;0;0;0;0;0;1;0;0;3;2;0;0;0;4;4;11;10;8;10;10
1262;München-Flughafen;446;48.3477;11.8133;14;10;1;1;0;0;1;0;0;0;0;0;0;0;0;0;0;0;0;0;0;0;0;0;2;5;5;3;1;2;2
662;Braunschweig;81;52.2914;10.4465;0;0;0;0;0;0;0;0;0;0;0;0;0;0;0;0;0;0;0;0;0;0;0;0;0;0;0;0;0;0;0
3490;Neuenahr, Bad-Ahrweiler;111;50.5346;7.0853;0;0;0;0;0;0;0;0;0;0;0;0;0;0;0;0;0;0;0;1;0;0;0;0;4;0;0;0;0;0;0
7389;Heckelberg;82;52.7461;13.8427;0;0;0;0;0;0;0;0;0;0;0;0;0;0;0;0;0;0;0;0;1;0;0;0;0;0;0;0;0;6;6
7367;Alfeld;144;51.9644;9.8072;0;0;0;0;0;0;0;0;0;0;0;0;0;0;0;0;0;0;0;0;0;0;0;0;1;0;0;0;0;0;2
1544;Gardelegen;47;52.5129;11.3941;0;0;0;0;0;0;0;0;0;0;0;0;0;0;0;0;0;0;0;0;1;0;0;0;0;0;0;0;0;0;2
691;Bremen;4;53.0445;8.7985;0;0;0;0;0;0;0;0;0;0;0;0;0;0;0;0;0;0;0;0;0;0;0;0;3;0;0;0;0;0;0
2486;Kaiserslautern;285;49.4242;7.736;2;0;0;0;0;0;0;0;0;0;0;0;0;0;0;0;0;0;0;1;0;0;0;0;3;2;0;0;0;0;1
2485;Kaisersbach-Cronhütte;489;48.9171;9.6872;14;9;5;5;3;4;4;3;0;0;0;0;0;0;0;0;0;0;0;0;0;0;0;0;1;0;1;2;0;0;19
3126;Magdeburg;76;52.1029;11.5826;0;0;0;0;0;0;0;0;0;0;0;0;0;0;0;0;0;0;0;0;1;1;1;1;0;0;0;0;0;0;2
2483;Kahler Asten;839;51.1803;8.4891;25;24;21;25;25;25;26;25;18;6;0;8;3;0;7;0;0;0;0;1;1;1;1;1;7;12;19;21;25;35;48
2480;Kahl/Main;107;50.0644;8.9932;0;0;0;1;0;0;0;0;0;0;0;0;0;0;0;0;0;0;0;0;0;0;0;0;1;0;0;0;0;0;0
2951;Lenzen/Elbe;20;53.1007;11.4864;0;0;0;0;0;0;0;0;0;0;0;0;0;0;0;0;0;0;0;0;1;1;0;0;1;0;0;0;0;0;0
1468;Freudenstadt;797;48.4537;8.4091;28;24;16;6;6;6;6;5;0;0;4;2;1;0;1;0;0;0;0;4;3;2;2;2;4;4;9;10;11;31;41
7395;Gottfrieding;350;48.6596;12.5388;9;6;3;4;2;2;3;3;0;0;0;0;0;0;0;0;0;0;0;0;0;0;0;0;0;1;3;0;0;0;1
5064;Tönisvorst;37;51.2898;6.4443;0;0;0;0;0;0;0;0;0;0;0;0;0;0;0;0;0;0;0;0;0;0;0;0;4;0;0;0;0;0;0
7396;Hoherodskopf/Vogelsberg;743;50.5084;9.2247;14;12;11;22;20;19;18;16;6;0;0;1;0;0;1;0;0;0;0;;;2;2;2;10;10;15;15;15;21;24
991;Dippoldiswalde-Reinberg;365;50.9169;13.713;5;0;0;0;0;2;2;0;0;0;0;0;0;0;0;0;0;0;0;0;1;1;2;6;6;5;3;3;0;0;0
2708;Kohlgrub, Bad (Rosshof);740;47.6652;11.0804;34;31;18;0;0;0;0;0;0;0;0;0;0;0;0;0;0;8;7;5;4;3;3;3;10;12;16;22;16;18;17
7393;Hoyerswerda;116;51.4493;14.2533;0;0;0;0;0;0;0;0;0;0;0;0;0;0;0;0;0;0;0;0;0;0;0;1;0;0;0;0;0;0;0
5149;Gollhofen;308;49.5742;10.1916;4;1;0;1;0;0;0;0;0;0;0;0;0;0;0;0;0;0;0;1;0;0;0;0;2;0;1;0;0;0;0
5146;Uelzen;50;52.9413;10.5287;0;0;0;0;0;0;0;0;0;0;0;0;0;0;0;0;0;0;0;0;0;0;0;0;1;0;0;0;0;4;1
2704;Köthen (Anhalt);76;51.7515;12.0079;0;0;0;0;0;0;0;0;0;0;0;0;0;0;0;0;0;0;0;0;0;0;0;0;2;0;0;0;0;0;5
5142;Ueckermünde;1;53.7444;14.0697;0;0;0;0;0;0;0;0;0;0;0;0;0;0;0;0;0;0;0;0;0;0;0;0;0;0;0;0;0;1;0
2700;Kösching;417;48.8301;11.4872;12;10;5;8;6;4;3;3;0;0;0;0;0;0;0;0;0;0;0;0;0;0;0;0;1;3;3;2;0;10;10
4887;Stötten;734;48.6657;9.8646;45;38;28;24;20;18;18;19;13;0;2;9;6;0;1;0;2;5;5;7;9;8;8;7;10;9;16;18;17;20;35
3402;Münsingen-Apfelstetten;750;48.3851;9.4837;24;23;18;10;9;9;9;9;5;0;0;3;0;0;2;0;2;4;4;7;7;6;6;5;8;8;13;20;20;25;25
125;Altenstadt;756;47.8342;10.8667;;;;;;;0;0;0;;;4;2;0;0;0;;;10;9;8;7;7;;;9;17;22;25;24;
5078;Travemünde;2;53.9619;10.8892;;;;;;;;;;;;;;;;;;;;;;;;;;;;;;;
6312;Markt Erlbach-Mosbach;362;49.5314;10.6418;4;0;0;4;3;2;1;0;0;0;0;0;0;0;0;0;0;0;0;0;0;0;0;0;2;0;0;0;0;0;0
2410;Ingolstadt (Flugplatz);364;48.7112;11.5362;;;;;;;4;3;0;;;0;0;0;0;0;;0;0;0;0;0;0;;;3;3;;0;1;
6259;Großerlach-Mannenweiler;523;49.021;9.6032;18;15;12;13;12;8;9;7;0;0;0;0;0;0;0;0;0;0;0;2;3;2;2;0;3;3;13;15;12;10;31
6258;Friedrichshafen-Unterraderach;459;47.6845;9.4409;28;24;16;0;0;0;0;0;0;0;0;0;0;0;0;0;0;0;0;0;0;0;0;0;5;3;12;11;12;6;5
410;Berlin-Kaniswall;33;52.404;13.7309;0;0;0;0;0;0;0;0;0;0;0;0;0;0;0;0;0;0;0;1;0;0;0;0;0;0;0;0;0;0;2
6314;Nossen;308;51.0507;13.3008;8;0;0;0;0;0;0;0;0;0;0;0;0;0;0;0;0;0;0;0;1;1;2;4;4;2;0;0;0;0;1
5424;Weimar-Schöndorf;325;51.0179;11.3542;0;0;0;0;0;0;0;0;0;0;0;0;0;0;0;0;0;0;0;1;2;2;2;1;2;3;1;0;0;0;3
2796;Laage (Flugplatz);40;53.9156;12.279;;;;;0;0;0;0;0;0;0;0;0;0;0;0;0;0;0;0;0;0;0;0;1;0;0;0;1;0;0
2794;Kyritz;40;52.9363;12.4093;0;0;0;0;0;0;0;0;0;0;0;0;0;0;0;0;0;0;0;0;2;1;0;0;0;0;0;0;0;1;5
13696;Waltrop-Abdinghof;68;51.5968;7.4048;0;0;0;0;0;0;0;0;0;0;0;0;0;0;0;0;0;0;0;0;0;0;0;0;3;0;0;0;0;2;0
5397;Weiden;440;49.6663;12.1845;2;0;0;6;1;0;0;0;0;0;0;0;0;0;0;0;0;0;0;0;0;0;0;0;0;0;3;1;0;7;4
3821;Osterfeld;246;51.0873;11.9292;1;0;0;0;0;0;0;0;0;0;0;0;0;0;0;0;0;0;0;0;0;0;1;1;2;0;0;0;0;0;1
3946;Plauen;386;50.4819;12.13;3;0;0;0;0;0;1;0;0;0;0;0;0;0;0;0;0;0;0;0;0;0;0;0;0;1;1;0;0;0;1
314;Kubschütz, Kr. Bautzen;232;51.1605;14.5037;0;0;0;0;0;0;0;0;0;0;0;0;0;0;0;0;0;0;0;0;2;0;1;6;5;3;0;0;0;0;0
3271;Metten;313;48.8548;12.9187;11;6;4;8;6;5;5;6;3;0;0;0;0;0;0;0;0;0;0;0;0;0;0;0;1;0;8;3;8;8;11
3278;Metzingen;355;48.5376;9.2733;15;11;7;0;0;0;0;0;0;0;0;0;0;0;0;0;0;0;0;0;0;0;0;0;3;0;0;0;0;0;1
7368;Eisenach;312;51.0007;10.3621;1;0;0;0;0;0;0;0;0;0;0;0;0;0;0;0;0;0;0;1;2;1;1;1;1;0;0;0;0;0;3
5099;Trier-Zewen;132;49.7326;6.6131;;;;;;;;;;;;;;;;;;;;;;;;;;;;;;;
4280;Roth;385;49.2164;11.1036;8;4;0;3;2;1;1;1;0;0;0;0;0;0;0;0;0;0;0;0;0;0;0;0;0;0;1;0;0;0;1
4287;Rothenburg ob der Tauber;415;49.3847;10.1732;12;7;3;4;2;2;1;0;0;0;0;0;0;0;0;0;0;0;0;1;1;1;1;1;4;1;2;0;0;0;1
3571;Neustadt am Kulm-Filchendorf;452;49.8174;11.8638;10;8;4;8;6;5;7;5;0;0;0;0;0;0;0;0;0;0;0;0;0;0;0;0;2;3;9;11;7;17;21
5097;Tribsees;10;54.0661;12.7675;0;0;0;0;0;0;0;0;0;0;0;0;0;0;0;0;0;0;0;0;1;0;0;0;1;0;0;0;0;0;4
2667;Köln-Bonn;92;50.8646;7.1575;0;0;0;0;0;0;0;0;0;0;0;0;0;0;0;0;0;0;0;0;0;0;0;0;6;1;0;0;0;1;0
7431;Oberhaching-Laufzorn;604;48.0131;11.5525;33;33;10;0;0;0;0;0;0;0;0;0;0;0;0;0;0;5;4;3;2;2;3;3;10;13;25;21;24;22;25
368;Bergen;70;52.8152;9.9248;0;0;0;0;0;0;0;0;0;0;0;0;0;0;0;0;0;0;0;0;0;0;0;0;1;0;0;0;0;1;0
5275;Waghäusel-Kirrlach;105;49.2447;8.5373;3;0;0;0;0;0;0;0;0;0;0;0;0;0;0;0;0;0;0;1;0;0;0;0;0;0;0;0;0;0;1
2932;Leipzig/Halle;131;51.4348;12.2396;0;0;0;0;0;0;0;0;0;0;0;0;0;0;0;0;0;0;0;0;0;0;2;1;1;0;0;0;0;0;3
3319;Röllbach;239;49.7645;9.2531;6;0;0;0;0;0;0;0;0;0;0;0;0;0;0;0;0;0;0;1;0;0;0;0;2;0;0;0;0;0;0
6170;Coschen;40;52.0192;14.7254;0;0;0;0;0;0;0;0;0;0;0;0;0;0;0;0;0;0;0;0;2;0;5;7;5;3;0;0;0;0;2
5480;Werl;85;51.5765;7.888;0;0;0;0;0;0;0;0;0;0;0;0;0;0;0;0;0;0;0;0;0;0;0;0;1;0;0;0;0;0;0
1645;Gilserberg-Moischeid;340;50.9656;9.05;;;;;;;;;;;;;;;;;;;;;;;;;;;;;;;
1721;Gräfenberg-Kasberg;506;49.6639;11.2239;3;3;2;13;12;11;7;7;0;0;0;0;0;0;0;0;0;0;0;0;0;0;0;0;1;1;5;4;3;9;11
5871;Hahn;497;49.9462;7.2645;9;7;3;2;2;2;2;2;0;0;0;0;0;0;0;0;0;0;0;1;0;0;0;0;5;9;9;6;3;6;7
7432;Wittingen-Vorhop;72;52.6425;10.6631;0;0;0;0;0;0;0;0;0;0;0;0;0;0;0;0;0;0;0;0;0;0;0;0;1;0;0;0;0;0;0
3612;Nienburg;25;52.6711;9.2229;0;0;0;0;0;0;0;0;0;0;0;0;0;0;0;0;0;0;0;0;0;0;0;0;2;0;0;0;0;1;0
5371;Wasserkuppe;921;50.4973;9.9428;17;15;14;23;24;24;24;24;17;6;0;3;2;0;5;0;3;2;2;4;6;6;6;5;8;8;14;18;25;42;47
2290;Hohenpeißenberg;977;47.8009;11.0109;45;38;24;12;13;12;10;9;4;0;1;6;3;0;1;0;3;23;20;16;11;11;11;11;15;18;30;36;42;34;33
4354;Saldenburg-Entschenreuth;456;48.7832;13.3145;15;13;8;20;23;22;21;19;12;0;0;3;2;0;0;0;0;0;0;0;0;0;1;2;2;2;12;14;22;23;25
259;Müllheim;273;47.8063;7.6384;3;2;0;0;0;0;0;0;0;0;0;0;0;0;0;0;0;0;0;0;0;0;0;0;2;1;0;0;0;0;0
3166;Marienberg;639;50.651;13.1469;13;11;5;9;16;14;13;14;5;0;0;4;0;0;1;0;0;0;0;0;5;4;5;5;5;8;14;18;19;18;18
3167;Marienberg, Bad;547;50.662;7.9602;9;9;7;18;14;14;14;12;3;0;0;0;0;0;0;0;0;0;0;1;1;1;1;1;4;10;10;9;8;17;17
3164;Cölbe, Kr. Marburg-Biedenkopf;182;50.8492;8.7746;0;0;0;0;0;0;0;0;0;0;0;0;0;0;0;0;0;0;0;0;0;0;0;0;2;0;0;0;0;0;3
257;Baden-Baden-Geroldsau;240;48.727;8.2458;0;0;0;0;0;0;0;0;0;0;0;0;0;0;0;0;0;0;0;0;0;0;0;0;0;0;0;0;0;0;0
154;Amerang-Pfaffing;515;48.0197;12.2924;25;20;10;4;4;4;4;3;0;0;0;0;0;0;0;0;0;4;2;2;0;0;1;1;2;8;11;11;12;10;13
2201;Hiddensee-Vitte;1;54.575;13.1044;0;0;0;0;0;0;0;0;0;0;0;0;0;0;0;0;0;0;0;0;0;0;0;0;0;0;0;0;0;0;0
1424;Frankfurt/Main-Westend;124;50.1269;8.6694;;;;;;;;;;;;;;;;;;;;;;;;;;;;;;;
1580;Geisenheim;110;49.9859;7.9549;0;0;0;0;0;0;0;0;0;0;0;0;0;0;0;0;0;0;0;0;0;0;0;0;0;0;0;0;0;;
1587;Gelbelsee;536;48.9481;11.4289;12;9;5;;;;;;;;;;;;;;;;;;;;;0;2;2;5;4;2;17;24
3362;Mühlacker;244;48.9721;8.8734;7;2;0;0;0;0;0;0;0;0;0;0;0;0;0;0;0;0;0;0;0;0;0;0;0;0;0;0;0;0;5
7099;Liebenburg-Othfresen;187;52.0111;10.3966;;;;;;;;;;;;;;;;;;;;;;;;;;;;;;;
2362;Hümmerich;328;50.5652;7.4839;0;0;0;5;3;3;2;0;0;0;0;0;0;0;0;0;0;0;0;1;0;0;0;0;4;4;0;0;0;6;4
5029;Tholey;386;49.4738;7.0386;8;7;4;1;0;0;1;0;0;0;0;0;0;0;0;0;0;0;0;1;0;0;0;0;4;10;7;5;0;1;9
2429;Itzehoe;21;53.9897;9.5696;;;;;;;;;;;;;;;;;;;;;;;;;;;;;;;
4271;Rostock-Warnemünde;4;54.1802;12.0805;0;0;0;0;0;0;0;0;0;0;0;0;0;0;0;0;0;0;0;0;0;0;0;0;0;0;0;0;0;0;0
1358;Fichtelberg;1213;50.4283;12.9535;33;31;30;38;48;46;46;47;48;43;33;34;34;28;26;25;26;28;28;30;36;35;35;35;35;41;48;57;57;72;76
4275;Rotenburg (Wümme);32;53.1288;9.3395;;;;;;;;;;;;;;;;;;;;;;;;;;;;;;;
7298;Hattstedt;5;54.5266;9.0425;0;0;0;0;0;0;0;0;0;0;0;0;0;0;0;0;0;0;0;0;0;0;0;1;3;0;0;0;0;3;3
1357;Fichtelberg/Oberfranken-Hüttstadl;657;49.9807;11.8376;9;9;8;16;17;17;18;17;8;0;0;0;0;0;1;0;0;1;0;1;1;1;1;1;2;8;18;17;20;35;37
460;Berus;363;49.264;6.6868;3;3;0;0;0;0;0;0;0;0;0;0;0;0;0;0;0;0;0;0;0;0;0;0;3;9;4;2;0;1;10
1863;Gründau-Breitenborn;258;50.2663;9.1878;7;4;0;4;4;0;0;0;0;0;0;0;0;0;0;0;0;0;0;0;0;0;0;0;2;0;1;0;0;2;2
4445;Wernigerode-Schierke;609;51.7658;10.6533;12;11;10;16;18;15;14;13;9;0;0;10;2;0;2;1;1;1;0;1;2;2;2;2;6;15;22;22;33;45;48
1869;Grünow;56;53.3153;13.9338;0;0;0;0;0;0;0;0;0;0;0;0;0;0;0;0;0;0;0;0;0;0;0;0;0;0;0;0;0;4;6
4371;Salzuflen, Bad;135;52.1042;8.7521;0;0;0;0;0;0;0;0;0;0;0;0;0;0;0;0;0;0;0;0;0;0;0;0;3;0;0;0;0;0;7
161;Andernach;75;50.4238;7.4203;0;0;0;0;0;0;0;0;0;0;0;0;0;0;0;0;0;0;0;0;0;0;0;0;6;1;0;0;0;0;0
4931;Stuttgart-Echterdingen;371;48.6883;9.2235;11;8;6;0;0;0;0;0;0;0;0;0;0;0;0;0;0;0;0;1;2;0;0;1;3;0;2;0;0;0;3
963;Diepholz;39;52.5881;8.3424;0;0;0;0;0;0;0;0;0;0;0;0;0;0;0;0;0;0;0;0;0;0;0;0;1;0;0;0;0;2;7
1107;Ebrach;346;49.852;10.499;9;5;0;3;2;2;2;0;0;0;0;0;0;0;0;0;0;0;0;0;1;1;0;0;1;0;2;0;0;2;2
6196;Selb-Spielberg;610;50.1587;12.0386;;;;;;;;;;;;;;;;;;;;;;;;;;;;;;;
6197;Lügde-Paenbruch;258;51.8664;9.2709;0;0;0;0;0;0;0;0;0;0;0;0;0;0;0;0;0;0;0;0;0;0;0;0;1;0;0;0;0;4;11
1451;Freiburg/Elbe;2;53.8278;9.2486;0;0;0;0;0;0;0;0;0;0;0;0;0;0;0;0;0;0;2;0;0;0;0;1;10;0;0;0;0;0;0
6199;Steinhagen-Negast;16;54.2484;13.0418;0;0;0;0;0;0;0;0;0;0;0;0;0;0;0;0;0;0;0;0;1;0;0;0;1;0;0;0;0;1;11
5111;Trostberg;559;48.031;12.5396;27;25;18;18;16;13;11;9;0;0;0;0;0;0;0;0;0;0;0;0;0;0;0;5;6;7;11;15;17;18;20
2638;Klippeneck;973;48.1054;8.7549;18;16;12;3;3;4;4;3;0;0;0;0;0;0;0;0;6;5;4;7;7;6;5;4;9;10;20;20;24;31;
1981;Hamburg-Neuwiedenthal;3;53.4777;9.8957;0;0;0;0;0;0;0;0;0;0;0;0;0;0;0;0;0;0;0;0;0;0;0;0;2;0;0;0;0;0;0
7364;Jeßnitz;74;51.682;12.3042;0;0;0;0;0;0;0;0;0;0;0;0;0;0;0;0;0;0;0;0;0;0;1;0;0;0;0;0;0;0;2
4592;Schwandorf;356;49.3278;12.0871;11;7;4;10;8;7;6;6;0;0;0;0;0;0;0;0;0;0;0;1;2;0;0;0;0;4;5;0;1;8;6
4841;Steinau, Kr. Cuxhaven;1;53.6946;8.8735;0;0;0;0;0;0;0;0;0;0;0;0;0;0;0;0;0;0;2;0;0;0;0;1;5;0;0;0;0;0;0
2039;Harzburg, Bad;201;51.9;10.5701;0;0;0;0;0;0;0;0;0;0;0;;;;;;;;;;;;;;;;;;;;
891;Cuxhaven;5;53.8713;8.7058;0;0;0;0;0;0;0;0;0;0;0;0;0;0;0;0;0;0;2;0;0;0;0;0;2;0;0;0;0;0;0
896;Dachwig;170;51.0773;10.8626;0;0;0;0;0;0;0;0;0;0;0;0;0;0;0;0;0;0;0;1;1;1;1;0;0;0;0;0;0;0;0
6344;Runkel-Ennerich;168;50.394;8.1423;0;0;0;2;0;0;0;0;0;0;0;0;0;0;0;0;0;0;0;0;0;0;0;0;1;0;0;0;0;1;0
3545;Neunkirchen-Wellesweiler;236;49.3436;7.2295;8;6;3;0;0;0;0;0;0;0;0;0;0;0;0;0;0;0;0;1;0;0;0;0;3;3;2;0;0;0;6
3540;Neunkirchen-Seelscheid-Krawinkel;195;50.8446;7.3714;0;0;0;0;0;0;0;0;0;0;0;0;0;0;0;0;0;0;0;0;0;0;0;0;6;0;0;0;0;2;0
4154;Remscheid-Lennep;345;51.1798;7.2506;;;;;;;;;;;;;;;;;;;;;;;;;;;;;;;
7330;Arnsberg-Neheim;159;51.4634;7.978;;;;;;;;;;;;;;;;;;;;;;;;;;;;;;;
13700;Gevelsberg-Oberbröking;205;51.3329;7.3411;0;0;0;0;0;0;0;0;0;0;0;0;0;0;0;0;0;0;0;0;0;0;0;0;5;0;0;0;0;4;5
3226;Aschersleben-Mehringen;107;51.7259;11.5111;0;0;0;0;0;0;0;0;0;0;0;0;0;0;0;0;0;0;0;0;0;0;0;0;1;0;0;0;0;0;2
1605;Genthin;35;52.3875;12.1601;0;0;0;0;0;0;0;0;0;0;0;0;0;0;0;0;0;0;0;0;1;0;0;0;0;0;0;0;0;0;2
5839;Emden;0;53.3881;7.2287;0;0;0;0;0;0;0;0;0;0;0;0;0;0;0;0;0;0;0;0;0;0;0;1;4;0;0;0;0;0;1
13711;Krölpa-Rockendorf;280;50.6813;11.515;3;0;0;0;0;0;0;0;0;0;0;0;0;0;0;0;0;0;0;0;0;0;0;1;2;0;0;0;0;0;0
3987;Potsdam;81;52.3813;13.0622;3;0;0;0;0;0;0;0;0;0;0;0;0;0;0;0;0;0;0;0;1;0;0;0;0;0;0;0;0;4;7
953;Deuselbach;481;49.7619;7.0541;0;1;1;0;0;0;0;0;0;0;0;0;0;0;0;0;0;0;0;0;0;0;0;0;4;10;6;4;0;6;6
217;Attenkam;672;47.8774;11.3642;30;26;6;0;1;0;0;0;0;0;0;3;0;0;0;0;1;6;4;3;3;3;3;3;13;11;15;17;19;20;20
769;Bückeburg;68;52.2817;9.0889;;;;;0;0;0;0;0;;;0;0;0;0;0;0;0;0;0;0;0;0;0;1;0;0;0;0;0;7
2961;Leuchtturm Kiel;5;54.4996;10.2737;;;;;;;;;;;;;;;;;;;;;;;;;;;;;;;
766;Büchel (Flugplatz);477;50.1746;7.0595;;;;;7;7;7;5;0;;;0;0;0;0;0;;;0;0;0;0;0;;;11;14;13;10;14;
2968;Köln-Stammheim;43;50.9895;6.9779;;;;;;;;;;;;;;;;;;;;;;;;;;;;;;;
3042;Löhnberg-Obershausen;230;50.5624;8.2391;3;0;0;3;2;2;2;2;0;0;0;0;0;0;0;0;0;0;0;0;0;0;0;0;3;2;0;0;0;4;3
6129;Sohland/Spree;290;51.0594;14.4262;5;4;0;0;0;2;0;2;0;0;0;0;0;0;0;0;0;0;0;0;2;2;1;7;6;4;6;4;3;3;3
3044;Löningen;22;52.7216;7.7463;0;0;0;0;0;0;0;0;0;0;0;0;0;0;0;0;0;0;0;0;0;0;0;0;3;1;0;0;0;0;1
2323;Bevern, Kr. Holzminden;110;51.8539;9.4964;0;0;0;0;0;0;0;0;0;0;0;0;0;0;0;0;0;0;0;0;0;0;0;0;1;1;0;0;0;1;6
4706;Simbach/Inn;360;48.2719;13.0273;12;10;6;5;4;4;4;4;0;0;0;0;0;0;0;0;0;1;0;0;0;0;0;2;2;1;4;3;5;3;3
4704;Sigmarszell-Zeisertsweiler;507;47.5776;9.7404;56;45;37;13;13;13;13;12;4;0;0;0;0;0;0;0;1;9;7;5;5;5;5;5;13;11;28;27;29;25;25
4703;Sigmaringen-Laiz;580;48.0719;9.1942;23;15;10;4;4;4;4;4;0;0;0;0;0;0;0;0;0;2;0;2;3;3;3;3;4;3;8;5;5;5;7
1078;Düsseldorf;37;51.296;6.7686;0;0;0;0;0;0;0;0;0;0;0;0;0;0;0;0;0;0;0;0;0;0;0;0;5;1;0;0;0;0;0
1072;Dürkheim, Bad;107;49.4719;8.1929;0;0;0;0;0;0;0;0;0;0;0;0;0;0;0;0;0;0;0;0;0;0;0;0;0;0;0;0;0;0;0
5279;Wahlsburg-Lippoldsberg;176;51.6184;9.5761;0;0;0;0;0;0;0;0;0;0;0;0;0;0;0;0;0;0;0;0;0;0;0;0;1;0;0;0;0;0;2
4709;Simmern-Wahlbach;445;49.9996;7.5981;8;7;4;4;4;4;4;4;0;0;0;0;0;0;0;0;0;0;0;1;0;0;0;0;4;8;5;2;2;4;4
5906;Mannheim;96;49.509;8.5541;1;0;0;0;0;0;0;0;0;0;0;0;0;0;0;0;0;0;0;0;0;0;0;0;2;0;0;0;0;0;0
282;Bamberg;240;49.8742;10.9206;0;0;0;2;0;0;0;0;0;0;0;0;0;0;0;0;0;0;0;0;0;0;0;0;0;0;0;0;0;0;0
3761;Öhringen;276;49.207;9.5175;6;2;0;0;0;0;0;0;0;0;0;0;0;0;0;0;0;0;0;0;1;0;0;0;1;0;0;0;0;0;0
4336;Saarbrücken-Ensheim;320;49.2128;7.1077;5;4;3;0;0;0;0;0;0;0;0;0;0;0;0;0;0;0;0;0;0;0;0;0;5;6;7;3;0;0;15
5433;Weiskirchen/Saar;380;49.5534;6.812;12;12;7;5;4;4;3;3;0;0;0;0;0;0;0;0;0;0;0;1;0;0;0;0;4;10;5;3;3;5;7
3485;Neuburg/Kammel-Langenhaslach;486;48.3116;10.3771;25;23;17;5;0;0;0;0;0;0;0;0;0;0;0;0;0;0;0;0;0;0;0;0;3;2;6;6;0;1;6
3484;Neuburg/Donau (Flugplatz);380;48.7097;11.2096;;;;;;;5;2;0;;;0;0;0;0;0;;;0;1;0;0;0;;;1;3;0;0;2;
3137;Mainz-Lerchenberg (ZDF);195;49.9672;8.2108;;;;;;;;;;;;;;;;;;;;;;;;;;;;;;;
4560;Schotten;265;50.4927;9.1228;2;0;0;2;2;2;2;1;0;0;0;0;0;0;0;0;0;0;0;0;0;0;0;0;2;1;4;0;0;2;4
5516;Fehmarn;3;54.5284;11.0605;0;0;0;0;0;0;0;0;0;0;0;0;0;0;0;0;0;0;0;0;0;0;0;0;0;0;0;0;2;1;0
1550;Garmisch-Partenkirchen;719;47.4831;11.0623;36;30;19;7;8;8;8;7;7;0;0;0;0;0;0;0;0;10;8;7;7;7;6;7;13;19;25;40;37;35;41
4642;Seehausen;21;52.8911;11.7297;0;0;0;0;0;0;0;0;0;0;0;0;0;0;0;0;0;0;0;0;5;3;3;2;3;0;0;0;0;0;2
2559;Kempten;705;47.7233;10.3348;33;26;10;0;0;0;0;0;0;0;0;0;0;0;0;0;0;11;8;6;3;3;2;1;7;4;7;10;14;20;27
3031;Lippstadt-Bökenförde;92;51.6334;8.3943;0;0;0;0;0;0;0;0;0;0;0;0;0;0;0;0;0;0;0;0;0;0;0;0;2;0;0;0;0;0;3
2497;Kall-Sistig;505;50.5016;6.5262;3;2;0;2;0;0;0;0;0;0;0;0;0;0;0;0;0;0;0;0;0;0;0;0;4;4;0;0;1;13;11
3034;Lobenstein, Bad;500;50.4505;11.635;10;7;5;7;7;6;6;6;0;0;0;0;0;0;0;0;0;0;0;0;2;0;1;1;2;8;10;9;10;21;21
535;Blankenrath;417;50.0355;7.3048;3;2;0;4;2;2;1;1;0;0;0;0;0;0;0;0;0;0;0;0;0;0;0;0;5;8;9;6;3;5;6
1411;Birx/Rhön;745;50.5309;10.048;18;16;14;22;22;21;21;20;14;0;0;0;0;0;4;0;0;0;0;4;6;5;5;5;6;6;12;16;19;29;35
2252;Bertsdorf-Hörnitz;270;50.8994;14.7456;3;0;0;0;0;0;0;0;0;0;0;0;0;0;0;0;0;0;0;0;0;0;1;1;1;0;0;0;3;1;1
7343;Deutschneudorf-Brüderwiese;688;50.6199;13.4816;17;14;9;17;33;32;28;28;21;12;0;8;3;0;2;2;0;1;1;1;3;2;4;4;5;8;14;26;25;39;39
5158;Ummendorf;162;52.1601;11.1759;0;0;0;0;0;0;0;0;0;0;0;0;0;0;0;0;0;0;0;0;0;0;0;0;0;0;0;0;0;0;2
5014;Worpswede-Hüttenbusch;7;53.2758;8.9857;0;0;0;0;0;0;0;0;0;0;0;0;0;0;0;0;0;0;2;2;1;1;0;0;3;1;0;0;0;0;0
1327;Weilerswist-Lommersum;146;50.7119;6.791;0;0;0;0;0;0;0;0;0;0;0;0;0;0;0;0;0;0;0;0;0;0;0;0;5;0;0;0;0;2;0
5017;Teuschnitz;633;50.4002;11.3889;17;16;16;20;20;18;18;18;9;0;0;7;0;0;0;0;0;0;0;3;4;4;4;4;8;13;18;17;22;35;38
983;Dillingen/Donau-Fristingen;419;48.5562;10.5599;12;10;4;0;0;0;0;0;0;0;0;0;0;0;0;0;0;0;0;0;0;0;0;0;1;0;2;0;0;0;3
2773;Kümmersbruck;417;49.4283;11.9016;10;7;0;10;7;5;5;5;0;0;0;0;0;0;0;0;0;0;0;0;3;0;0;0;0;4;6;1;1;13;12
4896;Wagersrott;40;54.665;9.8035;0;0;0;0;0;0;0;0;0;0;0;0;0;0;0;0;0;0;1;1;2;2;2;2;4;2;0;0;0;15;15
3032;List auf Sylt;26;55.011;8.4125;0;0;0;0;0;0;0;0;0;0;0;0;0;0;0;0;0;0;0;0;0;0;0;2;0;0;0;0;0;0;0
6266;Pabstorf;112;52.0305;10.9625;0;0;0;0;0;0;0;0;0;0;0;0;0;0;0;0;0;0;0;0;0;0;0;0;0;0;0;0;0;0;1
6264;Brilon-Thülen;457;51.4143;8.6498;2;0;0;0;0;0;0;0;0;0;0;0;0;0;0;0;0;0;0;0;0;0;0;0;3;2;1;0;0;6;16
6265;Wusterwitz;36;52.3613;12.3867;0;0;0;0;0;0;0;0;0;0;0;0;0;0;0;0;0;0;0;0;0;0;0;0;0;0;0;0;0;0;4
6262;Schwäbisch Gmünd-Weiler;413;48.7696;9.8738;18;18;12;0;0;0;0;0;0;0;0;0;0;0;0;0;0;0;0;1;0;0;1;0;2;0;0;0;0;0;15
6263;Singen;445;47.7738;8.8218;12;11;8;0;0;0;0;0;0;0;0;0;0;0;0;0;0;0;0;3;0;0;0;0;3;0;6;4;2;2;4
6260;Ingelfingen-Stachenhausen;385;49.3325;9.7039;17;14;12;9;8;6;4;3;0;0;0;0;0;0;0;0;0;0;0;0;0;0;2;0;4;0;4;0;0;0;0
4411;Schaafheim-Schlierbach;155;49.9195;8.9671;0;0;0;1;0;0;0;0;0;0;0;0;0;0;0;0;0;0;0;1;0;0;0;0;3;0;0;0;0;0;0
2171;Hersfeld, Bad;272;50.8519;9.7378;0;0;0;0;0;0;0;0;0;0;0;0;0;0;0;0;0;0;0;0;0;0;0;0;0;0;0;0;0;0;5
2174;Herzberg;238;51.6254;10.3704;3;2;0;0;0;0;0;0;0;0;0;0;0;0;0;0;0;0;0;0;0;0;0;0;2;2;0;0;0;0;3
5280;Wittenborn;35;53.9223;10.2268;0;0;0;0;0;0;0;0;0;0;0;0;0;0;0;0;0;0;1;1;0;0;0;0;3;0;0;0;1;0;0
6305;Mühlhausen/Thüringen-Görmar;190;51.2065;10.4948;0;0;0;0;0;0;0;0;0;0;0;0;0;0;0;0;0;0;0;2;2;2;2;2;0;0;0;0;0;0;10
420;Berlin-Marzahn;60;52.5447;13.5598;0;0;0;0;0;0;0;0;0;0;0;0;0;0;0;0;0;0;0;0;0;0;0;0;0;0;0;0;0;3;5
917;Darmstadt;162;49.8809;8.6779;0;0;0;0;0;0;0;0;0;0;0;0;0;0;0;0;0;0;0;1;0;0;0;0;3;0;0;0;0;0;1
427;Berlin-Schönefeld;46;52.3807;13.5306;0;0;0;0;0;0;0;0;0;0;0;0;0;0;0;0;0;0;0;1;0;0;0;0;0;0;0;0;0;2;3
2074;Hechingen;522;48.3751;8.9801;11;10;7;0;0;0;0;0;0;0;0;0;0;0;0;0;0;0;0;2;3;2;2;3;5;3;10;8;3;2;3
3811;Oschatz;150;51.296;13.0928;0;0;0;0;0;0;0;0;0;0;0;0;0;0;0;0;0;0;0;0;0;0;0;0;0;0;0;0;0;0;0
2600;Kitzingen;188;49.7361;10.1782;0;0;0;0;0;0;0;0;0;0;0;0;0;0;0;0;0;0;0;0;0;0;0;0;2;0;0;0;0;0;0
2601;Kleiner Feldberg/Taunus;826;50.2218;8.4469;5;4;3;17;16;15;14;12;4;0;0;0;0;0;0;0;0;0;1;1;2;2;2;2;5;7;11;11;15;30;28
1420;Frankfurt/Main;100;50.026;8.5215;0;0;0;0;0;0;0;0;0;0;0;0;0;0;0;0;0;0;0;0;0;0;0;0;2;0;0;0;0;0;0
303;Baruth;55;52.0614;13.4996;0;0;0;0;0;0;0;0;0;0;0;0;0;0;0;0;0;0;0;0;0;0;2;0;0;0;0;0;0;0;2
3268;Meßstetten;920;48.1875;8.9938;;;;;;;;;;;;;;;;;;;;;;;;;;;;;;;
3509;Menz;77;53.102;13.0421;0;0;0;0;0;0;0;0;0;0;0;0;0;0;0;0;0;0;0;0;4;2;1;1;2;0;0;0;0;4;9
840;Carlsfeld;897;50.4313;12.6114;20;16;13;20;28;26;25;25;18;9;0;1;0;0;1;0;2;3;2;3;6;5;5;5;8;11;20;24;25;37;36
7373;Borkum-Flugplatz;3;53.5984;6.7024;0;0;0;0;0;0;0;0;0;0;0;0;0;0;0;0;0;0;0;0;0;0;0;3;0;0;0;0;0;0;0
7370;Waldmünchen;499;49.3909;12.6838;9;6;3;12;11;10;9;8;0;0;0;0;0;0;0;0;0;0;0;0;0;0;0;0;0;0;5;2;3;16;19
7374;Ahaus;46;52.0814;6.941;0;0;0;0;0;0;0;0;0;0;0;0;0;0;0;0;0;0;0;0;0;0;0;0;1;0;0;0;0;1;1
7427;Padenstedt (Pony-Park);17;54.019;9.9257;0;0;0;0;0;0;0;0;0;0;0;0;0;0;0;0;0;0;1;0;0;0;0;0;3;0;0;0;0;0;0
7424;Piding;458;47.7724;12.9073;33;26;10;2;3;2;2;0;0;0;0;0;0;0;0;0;0;1;0;0;0;0;0;2;6;13;13;17;14;10;12
7420;Naumburg/Saale-Kreipitzsch;246;51.1043;11.711;;;;;;;;;;;;;;;;;;;;;;;;;;;;;;;
3366;Mühldorf;406;48.2791;12.5024;18;14;5;5;4;4;4;4;0;0;0;0;0;0;0;0;0;0;0;0;0;0;0;0;0;5;8;4;7;7;7
7428;Veilsdorf;397;50.4166;10.8156;8;5;5;7;6;6;6;6;3;0;0;0;0;0;0;0;0;0;0;2;3;3;3;2;3;4;9;8;7;15;20
2928;Leipzig-Holzhausen;138;51.3151;12.4462;0;0;0;0;0;0;0;0;0;0;0;0;0;0;0;0;0;0;0;0;0;0;0;0;0;0;0;0;0;0;1
7106;Bielefeld-Deppendorf;105;52.0714;8.4568;0;0;0;0;0;0;0;0;0;0;0;0;0;0;0;0;0;1;0;0;0;0;0;0;4;0;0;0;0;3;8
6273;Demker;36;52.5072;11.8549;0;0;0;0;0;0;0;0;0;0;0;0;0;0;0;0;0;0;0;0;2;0;0;0;0;0;0;0;0;0;1
2925;Leinefelde;356;51.3933;10.3123;0;0;0;0;0;0;0;0;0;0;0;0;0;0;0;0;0;0;0;1;1;1;0;0;2;1;0;0;0;1;10
2564;Kiel-Holtenau;27;54.3761;10.1433;0;0;0;0;0;0;0;0;0;0;0;0;0;0;0;0;0;0;0;0;0;0;0;0;0;0;0;0;2;3;2
5335;Waltershausen;348;50.8963;10.5484;0;0;0;0;0;0;0;0;0;0;0;0;0;0;0;0;0;0;0;1;1;1;1;1;2;1;0;0;1;2;4
1584;Geisingen;672;47.9241;8.6471;;;;;;;;;;;;;;;;;;;;;;;;;;;;;;;
6163;Dörnick;26;54.1654;10.3519;0;0;0;0;0;0;0;0;0;0;0;0;0;0;0;0;0;0;0;0;0;0;0;0;2;0;0;0;0;0;0
4063;Rahden-Kleinendorf;41;52.4461;8.5906;0;0;0;0;0;0;0;0;0;0;0;0;0;0;0;0;0;0;0;0;0;0;0;0;2;0;0;0;0;2;8
13777;Helmstedt-Emmerstedt;110;52.2464;10.9589;0;0;0;0;0;0;0;0;0;0;0;0;0;0;0;0;0;0;0;0;0;0;0;0;1;0;0;0;0;2;0
5941;Reit im Winkl;685;47.6752;12.4696;80;64;43;33;32;31;30;29;27;17;14;12;11;10;9;9;8;18;15;15;15;14;14;16;23;35;44;59;60;55;64
1639;Gießen/Wettenberg;203;50.6017;8.6439;0;0;0;1;;;0;0;0;0;0;0;;;0;0;0;0;0;0;0;0;0;0;2;0;0;0;0;0;0
13670;Duisburg-Baerl;25;51.5087;6.7015;;;;;;;;;;;;;;;;;;;;;;;;;;;;;;;
1735;Grainet-Rehberg;628;48.7893;13.6291;14;13;9;17;26;22;20;19;14;4;0;10;6;5;4;4;3;6;4;3;0;0;1;3;4;5;10;14;23;23;26
4745;Soltau;76;52.9604;9.7931;0;0;0;0;0;0;0;0;0;0;0;0;0;0;0;0;0;0;0;0;0;0;0;0;0;0;0;0;0;3;0
13675;Hameln-Hastenbeck;77;52.0817;9.4072;0;0;0;0;0;0;0;0;0;0;0;0;0;0;0;0;0;0;0;0;0;0;0;0;3;1;0;0;0;0;8
3603;Niederstetten;473;49.3895;9.9666;;9;5;4;4;3;3;3;0;0;0;0;0;0;0;0;0;0;0;1;3;3;2;2;6;4;9;6;2;3;3
2814;Merklingen;685;48.5121;9.7645;19;17;10;4;3;3;2;2;0;0;1;2;0;0;0;0;1;0;0;2;3;3;2;2;3;2;5;9;10;15;18
757;Buchenbach;445;47.9624;7.998;9;9;3;0;0;0;0;0;0;0;0;0;0;0;0;0;0;0;0;0;0;0;0;0;1;0;3;3;1;1;0
755;Buchen, Kr. Neckar-Odenwald;340;49.5181;9.3214;15;10;7;8;6;6;5;0;0;0;0;0;0;0;0;0;0;0;0;0;0;0;0;0;3;1;4;0;0;4;3
2812;Lahr;155;48.3647;7.828;10;4;0;0;0;0;0;0;0;0;0;0;0;0;0;0;0;0;0;0;0;0;0;0;0;0;0;0;0;1;0
1590;Geldern-Walbeck;37;51.4943;6.2463;0;0;0;0;0;0;0;0;0;0;0;0;0;0;0;0;0;0;0;0;0;0;0;0;3;1;0;0;0;0;0
4605;Schwarzburg;277;50.6444;11.1933;3;0;0;0;0;0;0;0;0;0;0;0;0;0;0;0;0;0;0;0;0;0;1;1;1;0;0;0;1;0;0
222;Aue;387;50.5907;12.714;13;11;8;8;0;0;0;0;0;0;0;0;0;0;0;0;0;0;0;0;2;2;2;5;8;7;6;9;4;3;2
2211;Hilgenroth;295;50.7371;7.6528;0;0;0;6;4;0;0;0;0;0;0;0;0;0;0;0;0;0;0;1;0;0;0;0;3;0;0;0;0;2;3
5347;Warburg;236;51.504;9.1118;0;0;0;0;0;0;0;0;0;0;0;0;0;0;0;0;0;0;0;0;0;0;0;0;1;0;0;0;0;1;11
3379;München-Stadt;515;48.1631;11.5429;23;18;2;0;0;0;0;0;0;0;0;0;0;0;0;0;0;0;0;0;0;0;0;0;4;7;4;10;5;4;10
3376;Müncheberg;63;52.5176;14.1232;0;0;0;0;0;0;0;0;0;0;0;0;0;0;0;0;0;0;0;0;0;0;0;0;0;0;0;0;0;1;2
5426;Weinbiet;553;49.3758;8.1213;5;1;0;0;0;0;0;0;0;0;0;0;0;0;0;0;0;0;0;1;0;0;0;0;7;9;11;9;5;13;11
5349;Waren (Müritz);73;53.5196;12.6654;0;0;0;0;0;0;0;0;0;0;0;0;0;0;0;0;0;0;0;0;3;2;1;1;1;0;0;0;0;0;4
722;Brocken;1134;51.7986;10.6183;33;32;32;38;45;42;40;40;42;27;15;34;32;27;28;30;34;34;34;35;36;36;35;34;38;47;57;58;70;77;98
151;Amberg-Unterammersricht;383;49.4689;11.8547;7;4;0;4;4;3;3;0;0;0;0;0;0;0;0;0;0;0;0;0;0;0;0;0;0;2;2;0;0;4;4
150;Alzey;215;49.7272;8.116;0;0;0;0;0;0;0;0;0;0;0;0;0;0;0;0;0;0;0;1;0;0;0;0;4;0;0;0;0;0;0
5440;Weißenburg-Emetzheim;439;49.0114;10.9319;11;6;2;3;2;2;2;1;0;0;0;0;0;0;0;0;0;0;0;0;0;0;0;0;1;0;0;1;0;0;11
1161;Eichstätt-Landershofen;384;48.8779;11.2347;18;12;6;5;5;4;4;3;0;0;0;0;0;0;0;0;0;0;0;1;0;0;0;0;3;0;3;0;0;6;11
603;Bonn-Roleber;159;50.7349;7.1931;0;0;0;0;0;0;0;0;0;0;0;0;0;0;0;0;0;0;0;0;0;0;0;0;6;0;0;0;0;0;0
1207;Elster, Bad-Sohl;560;50.2707;12.2738;15;15;14;14;17;14;14;14;8;0;0;0;0;0;0;0;0;0;0;0;2;2;2;3;3;14;19;18;17;23;25
2437;Schleswig-Jagel;21;54.455;9.5194;;;;;0;0;0;0;0;;;0;0;0;0;0;;;1;4;4;4;2;;;0;0;0;2;8;
1200;Elpersbüttel;3;54.0691;9.0106;0;0;0;0;0;0;0;0;0;0;0;0;0;0;0;0;0;0;3;0;0;0;0;0;2;0;0;0;0;0;0
3739;Oberviechtach;596;49.452;12.4366;11;10;9;17;17;13;13;12;4;0;0;1;0;0;0;0;0;0;0;0;2;0;0;0;1;2;8;10;13;23;25
5640;Wittmundhafen;8;53.5504;7.6672;0;0;0;0;0;0;0;0;0;0;0;0;0;0;0;0;0;0;0;0;0;0;0;2;6;0;0;0;0;0;0
5643;Wittstock-Rote Mühle;66;53.1864;12.4949;0;0;0;0;0;0;0;0;0;0;0;0;0;0;0;0;0;0;0;0;4;4;3;0;0;0;0;0;0;0;10
3734;Obersulm-Willsbach;230;49.1279;9.3525;6;2;0;0;0;0;0;0;0;0;0;0;0;0;0;0;0;0;0;0;0;0;0;0;3;0;0;0;0;0;3
3730;Oberstdorf;806;47.3986;10.276;43;36;17;6;6;6;7;7;5;0;0;7;3;3;0;0;0;17;15;13;11;11;11;11;17;20;30;45;36;39;47
4692;Siegen (Kläranlage);229;50.8534;7.9966;;;;;;;;;;;;;;;;;;;;;;;;;;;;;;;
1214;Elzach-Fisnacht;440;48.2012;8.1089;23;17;0;0;0;0;0;0;0;0;0;0;0;0;0;0;0;0;0;0;0;0;0;0;0;0;5;4;0;0;2
6347;Schonungen-Mainberg;304;50.0578;10.2974;2;0;0;3;0;0;1;0;0;0;0;0;0;0;0;0;0;0;0;0;0;0;0;0;1;0;2;0;0;0;1
3196;Marnitz;81;53.3223;11.9319;0;0;0;0;0;0;0;0;0;0;0;0;0;0;0;0;0;0;0;0;0;0;0;0;0;0;0;0;0;0;0
44;Großenkneten;44;52.9335;8.237;0;0;0;0;0;0;0;0;0;0;0;0;0;0;0;0;0;0;0;0;0;0;0;0;2;0;0;0;0;1;4
4928;Stuttgart (Schnarrenberg);314;48.8282;9.2;6;3;0;0;0;0;0;0;0;0;0;0;0;0;0;0;0;0;0;0;0;0;0;0;0;0;0;0;0;0;3
954;UFS Deutsche Bucht;0;54.1667;7.45;;;;;;;;;;;;;;;;;;;;;;;;;;;;;;;
6186;Nastätten;268;50.1988;7.8647;0;0;0;1;0;0;0;0;0;0;0;0;0;0;0;0;0;0;0;0;0;0;0;0;1;0;0;0;0;0;0
1443;Freiburg;236;48.0233;7.8344;4;3;0;0;0;0;0;0;0;0;0;0;0;0;0;0;0;0;0;0;0;0;0;0;0;0;0;0;0;0;0
1297;Eschwege;170;51.1834;10.0638;0;0;0;0;0;0;0;0;0;0;0;0;0;0;0;0;0;0;0;1;0;0;0;0;1;0;0;0;0;0;6
4094;Weingarten, Kr. Ravensburg;440;47.8062;9.6206;;;;;;;;;;;;;;;;;;;;;;;;;;;;;;;
2641;Klitzschen bei Torgau;85;51.519;12.9062;0;0;0;0;0;0;0;0;0;0;0;0;0;0;0;0;0;0;0;0;0;0;1;1;1;0;0;0;0;0;2
5731;Wutöschingen-Ofteringen;398;47.678;8.3799;15;15;7;3;0;0;0;0;0;0;0;0;0;0;0;0;0;0;0;1;0;0;0;0;1;0;7;3;0;0;4
5046;Tirschenreuth-Lodermühl;500;49.8578;12.3541;7;5;3;10;10;6;6;6;0;0;0;0;0;0;1;0;0;0;0;0;4;2;0;0;1;2;8;5;7;13;15
1803;Groß Lüsewitz;34;54.0714;12.3238;0;0;0;0;0;0;0;0;0;0;0;0;0;0;0;0;0;0;0;0;0;0;0;0;0;0;0;0;0;0;0
4393;Sankt Peter-Ording;5;54.3279;8.603;0;0;0;0;0;0;0;0;0;0;0;0;0;0;0;0;0;0;0;0;0;0;0;1;1;0;0;0;0;2;2
3426;Muskau, Bad;125;51.5662;14.6989;;;;;;;;;;;;;;;;;;;;;;;;;;;;;;;
15444;Ulm-Mähringen;593;48.4418;9.9216;16;13;9;4;3;4;4;4;1;0;0;0;0;0;0;0;0;0;0;2;3;1;0;1;1;1;4;7;9;8;13
4997;Starkenberg-Tegkwitz;193;50.9777;12.3432;3;0;0;0;0;0;0;0;0;0;0;0;0;0;0;0;0;0;0;0;1;0;1;2;2;0;0;0;0;0;1
6336;Lohr/Main-Halsbach;285;50.0133;9.6539;4;0;0;4;2;0;0;0;0;0;0;0;0;0;0;0;0;0;0;0;1;0;0;0;0;0;1;0;0;1;1
6337;Lüdinghausen-Brochtrup;59;51.7663;7.5193;0;0;0;0;0;0;0;0;0;0;0;0;0;0;0;0;0;0;0;0;0;0;0;0;4;0;0;0;0;2;3
4857;Mittelnkirchen-Hohenfelde;1;53.5512;9.6082;0;0;0;0;0;0;0;0;0;0;0;0;0;0;0;0;0;0;0;0;0;0;0;0;5;0;0;0;0;0;0
